<shortcuts>
	<shortcut>
		<defaultID />
		<label>Watchlist</label>
		<label2>Custom item</label2>
		<icon>DefaultShortcut.png</icon>
		<thumb>thumb</thumb>
		<action>ActivateWindow(Videos,"plugin://plugin.video.fenlight/?mode=build_tvshow_list&amp;action=trakt_watchlist&amp;category_name=TV+Shows+Watchlist&amp;iconImage=https%3A%2F%2Fi.imgur.com%2FxihFNwP.png",return)</action>
		</shortcut>
	<shortcut>
		<defaultID />
		<label>Collection</label>
		<label2>Custom item</label2>
		<icon>DefaultShortcut.png</icon>
		<thumb>thumb</thumb>
		<action>ActivateWindow(Videos,"plugin://plugin.video.fenlight/?mode=build_tvshow_list&amp;action=trakt_collection&amp;category_name=TV+Shows+Collection&amp;iconImage=https%3A%2F%2Fi.imgur.com%2FxihFNwP.png",return)</action>
		</shortcut>
	<shortcut>
		<defaultID />
		<label>Your Calendar</label>
		<label2>Custom item</label2>
		<icon>DefaultShortcut.png</icon>
		<thumb>thumb</thumb>
		<action>ActivateWindow(Videos,"plugin://plugin.video.fenlight/?mode=build_my_calendar&amp;iconImage=https%3A%2F%2Fi.imgur.com%2FxihFNwP.png",return)</action>
		</shortcut>
	<shortcut>
		<defaultID />
		<label>Next Episodes</label>
		<label2>Video Add-On</label2>
		<icon>DefaultShortcut.png</icon>
		<thumb>image://https%3a%2f%2fi.imgur.com%2f0KFvjKR.png/</thumb>
		<action>ActivateWindow(Videos,"plugin://plugin.video.fenlight/?name=32483&amp;iconImage=next_episodes&amp;mode=build_next_episode",return)</action>
		</shortcut>
	<shortcut>
		<defaultID />
		<label>Watched Episodes</label>
		<label2>Video Add-On</label2>
		<icon>DefaultShortcut.png</icon>
		<thumb>image://https%3a%2f%2fi.imgur.com%2fSacesHf.png/</thumb>
		<action>ActivateWindow(Videos,"plugin://plugin.video.fenlight/?name=32200&amp;iconImage=watched_recent&amp;mode=build_recently_watched_episode",return)</action>
		</shortcut>
	<shortcut>
		<defaultID />
		<label>In Progress Episodes</label>
		<label2>Video Add-On</label2>
		<icon>DefaultShortcut.png</icon>
		<thumb>image://https%3a%2f%2fi.imgur.com%2fD0nCsqI.png/</thumb>
		<action>ActivateWindow(Videos,"plugin://plugin.video.fenlight/?name=32482&amp;iconImage=player&amp;mode=build_in_progress_episode",return)</action>
		</shortcut>
	<shortcut>
		<defaultID />
		<label>[B]TRAKT: [/B]My Lists</label>
		<label2>Custom item</label2>
		<icon>DefaultShortcut.png</icon>
		<thumb>image://https%3a%2f%2fi.imgur.com%2fxihFNwP.png/</thumb>
		<action>ActivateWindow(Videos,"plugin://plugin.video.fenlight/?mode=trakt.list.get_trakt_lists&amp;list_type=my_lists&amp;category_name=My+Lists&amp;iconImage=https%3A%2F%2Fi.imgur.com%2FxihFNwP.png",return)</action>
		</shortcut>
	<shortcut>
		<defaultID />
		<label>Trakt Liked Lists</label>
		<label2>Video Add-On</label2>
		<icon>DefaultShortcut.png</icon>
		<thumb>image://https%3a%2f%2fi.imgur.com%2fxihFNwP.png/</thumb>
		<action>ActivateWindow(Videos,"plugin://plugin.video.fenlight/?mode=trakt.list.get_trakt_lists&amp;list_type=liked_lists&amp;category_name=Liked+Lists&amp;iconImage=https%3A%2F%2Fi.imgur.com%2FxihFNwP.png",return)</action>
		</shortcut>
	<shortcut>
		<defaultID />
		<label>RECOMMENDED</label>
		<label2>Custom item</label2>
		<icon>DefaultShortcut.png</icon>
		<thumb>image://https%3a%2f%2fi.imgur.com%2fxihFNwP.png/</thumb>
		<action>ActivateWindow(Videos,"plugin://plugin.video.fenlight/?name=Because+You+Watched...&amp;iconImage=https%3A%2F%2Fi.imgur.com%2FIFWDwai.png&amp;mode=navigator.because_you_watched&amp;menu_type=tvshow",return)</action>
		</shortcut>
	</shortcuts>
