<shortcuts>
	<shortcut>
		<defaultID>137</defaultID>
		<label>137</label>
		<label2>Custom item</label2>
		<icon>shortcuts/search.png</icon>
		<thumb>special://home/addons/resource.images.skinicons.wide/resources/search.png</thumb>
		<action>submenu</action>
		</shortcut>
	<shortcut>
		<defaultID>31341</defaultID>
		<label>My Stuff</label>
		<label2>Custom item</label2>
		<icon>special://home/addons/resource.images.skinicons.wide/resources/mylist.png</icon>
		<thumb>special://home/addons/resource.images.skinicons.wide/resources/mylist.png</thumb>
		<action>submenu</action>
		</shortcut>
	<shortcut>
		<defaultID>10000</defaultID>
		<label>10000</label>
		<label2>Home</label2>
		<icon>shortcuts/home.png</icon>
		<thumb>special://home/addons/resource.images.skinicons.wide/resources/home.png</thumb>
		<action>ActivateWindow(home,return)</action>
		</shortcut>
	<shortcut>
		<defaultID>31025</defaultID>
		<label>Categories</label>
		<label2>Categories</label2>
		<icon>shortcuts/categories.png</icon>
		<thumb>special://home/addons/resource.images.skinicons.wide/resources/categories.png</thumb>
		<action>ActivateWindow(1119,return)</action>
		</shortcut>
	<shortcut>
		<defaultID>movies</defaultID>
		<label>342</label>
		<label2>Custom item</label2>
		<icon>shortcuts/clapperboard.png</icon>
		<thumb>special://home/addons/resource.images.skinicons.wide/resources/clapperboard.png</thumb>
		<action>ActivateWindow(Videos,"plugin://plugin.video.themoviedb.helper/?info=dir_movie&amp;tmdb_type=None&amp;reload=%24INFO%5BWindow%28Home%29.Property%28TMDbHelper.Widgets.Reload%29%5D&amp;widget=true",return)</action>
		</shortcut>
	<shortcut>
		<defaultID>shows</defaultID>
		<label>TV Shows</label>
		<label2>Custom item</label2>
		<icon>shortcuts/tv.png</icon>
		<thumb>special://home/addons/resource.images.skinicons.wide/resources/tv.png</thumb>
		<action>ActivateWindow(Videos,"plugin://plugin.video.themoviedb.helper/?info=dir_tv&amp;tmdb_type=None&amp;reload=%24INFO%5BWindow%28Home%29.Property%28TMDbHelper.Widgets.Reload%29%5D&amp;widget=true",return)</action>
		</shortcut>
	<shortcut>
		<defaultID />
		<label>Live TV</label>
		<label2>Custom item</label2>
		<icon>special://profile/addon_data/skin.bingie/custom_images/CustomBackgroundSetting20250303020019.png</icon>
		<thumb>special://home/addons/resource.images.skinicons.wide/resources/antenna.png</thumb>
		<action>submenu</action>
		</shortcut>
	<shortcut>
		<defaultID>31565</defaultID>
		<label>TV Guide</label>
		<label2>Custom item</label2>
		<icon>special://profile/addon_data/skin.bingie/custom_images/CustomBackgroundSetting20250303021245.png</icon>
		<thumb>special://home/addons/resource.images.skinicons.wide/resources/defaultaddonperipheral.png</thumb>
		<action>submenu</action>
		</shortcut>
	<shortcut>
		<defaultID>plugin.video.the-loop</defaultID>
		<label>Sports</label>
		<label2>Custom item</label2>
		<icon>special://profile/addon_data/skin.bingie/custom_images/CustomBackgroundSetting20250302223632.png</icon>
		<thumb>special://home/addons/resource.images.skinicons.wide/resources/sports.png</thumb>
		<action>submenu</action>
		</shortcut>
	<shortcut>
		<defaultID />
		<label>Music</label>
		<label2>Custom item</label2>
		<icon>special://profile/addon_data/skin.bingie/custom_images/CustomBackgroundSetting20250302223705.png</icon>
		<thumb>special://home/addons/resource.images.skinicons.wide/resources/music.png</thumb>
		<action>submenu</action>
		</shortcut>
	<shortcut>
		<defaultID>10134</defaultID>
		<label>10134</label>
		<label2 />
		<icon>defaultaddonfavourites.png</icon>
		<thumb>special://home/addons/resource.images.skinicons.wide/resources/defaultaddonfavourites.png</thumb>
		<action>ActivateWindow(FavouritesBrowser)</action>
		</shortcut>
	<shortcut>
		<defaultID>31565</defaultID>
		<label>Explore</label>
		<label2>Custom item</label2>
		<icon>special://profile/addon_data/skin.bingie/custom_images/CustomBackgroundSetting20250303205430.png</icon>
		<thumb>special://home/addons/resource.images.skinicons.wide/resources/new.png</thumb>
		<action>submenu</action>
		</shortcut>
	<shortcut>
		<defaultID>settings</defaultID>
		<label>10004</label>
		<label2>Custom item</label2>
		<icon>special://home/addons/resource.images.skinicons.wide/resources/defaultaddonsettings.png</icon>
		<thumb>special://home/addons/resource.images.skinicons.wide/resources/defaultaddonsettings.png</thumb>
		<action>submenu</action>
		</shortcut>
	</shortcuts>
