<shortcuts>
	<shortcut>
		<defaultID>137</defaultID>
		<label>Search Hub</label>
		<label2>Custom item</label2>
		<icon>shortcuts/search.png</icon>
		<thumb />
		<action>ActivateWindow(1109,return)</action>
		</shortcut>
	<shortcut>
		<defaultID />
		<label>Search TMDBH</label>
		<label2>Video Add-On</label2>
		<icon>DefaultShortcut.png</icon>
		<thumb>thumb</thumb>
		<action>ActivateWindow(Videos,"plugin://plugin.video.themoviedb.helper/?info=dir_multisearch&amp;tmdb_type=None&amp;widget=true&amp;reload=$INFO[Window(Home).Property(TMDbHelper.Widgets.Reload)]&amp;reload=$INFO[Window(Home).Property(TMDbHelper.Widgets.Reload)]",return)</action>
		</shortcut>
	<shortcut>
		<defaultID />
		<label>Search Fen Light</label>
		<label2>Video Add-On</label2>
		<icon>DefaultShortcut.png</icon>
		<thumb>image://https%3a%2f%2fi.imgur.com%2fowsADQ4.png/</thumb>
		<action>ActivateWindow(Videos,"plugin://plugin.video.fenlight/?name=Search&amp;iconImage=https%3A%2F%2Fi.imgur.com%2FowsADQ4.png&amp;mode=navigator.search",return)</action>
		</shortcut>
	<shortcut>
		<defaultID />
		<label>Search POV</label>
		<label2>Video Add-On</label2>
		<icon>DefaultShortcut.png</icon>
		<thumb>image://C%3a%5cUsers%5cjeddi%5cAppData%5cRoaming%5cKodi%5caddons%5cplugin.video.pov%5cresources%5cmedia%5csearch.png/</thumb>
		<action>ActivateWindow(Videos,"plugin://plugin.video.pov/?name=32450&amp;iconImage=search.png&amp;mode=navigator.search",return)</action>
		</shortcut>
	<shortcut>
		<defaultID />
		<label>Search Seren</label>
		<label2>Video Add-On</label2>
		<icon>DefaultShortcut.png</icon>
		<thumb>image://C%3a%5cUsers%5cjeddi%5cAppData%5cRoaming%5cKodi%5caddons%5cplugin.video.seren%5c%2fresources%2fimages%2ficons%2fsearch.png/</thumb>
		<action>ActivateWindow(Videos,"plugin://plugin.video.seren/?action=searchMenu",return)</action>
		</shortcut>
	<shortcut>
		<defaultID />
		<label>Search Umbrella</label>
		<label2>Video Add-On</label2>
		<icon>DefaultShortcut.png</icon>
		<thumb>image://C%3a%5cUsers%5cjeddi%5cAppData%5cRoaming%5cKodi%5caddons%5cplugin.video.umbrella%5cresources%5cartwork%5cumbrella%5csearch.png/</thumb>
		<action>ActivateWindow(Videos,"plugin://plugin.video.umbrella/?action=tools_searchNavigator&amp;folderName=Search",return)</action>
		</shortcut>
	<shortcut>
		<defaultID />
		<label>Search The Crew</label>
		<label2>Video Add-On</label2>
		<icon>DefaultShortcut.png</icon>
		<thumb>image://C%3a%5cUsers%5cjeddi%5cAppData%5cRoaming%5cKodi%5caddons%5cscript.thecrew.artwork%5cresources%5cmedia%5cthecrew%5cmain_search.png/</thumb>
		<action>ActivateWindow(Videos,"plugin://plugin.video.thecrew/?action=searchNavigator",return)</action>
		</shortcut>
	</shortcuts>
