<shortcuts>
	<shortcut>
		<defaultID>Insert-Swap-Kodi-Favourites</defaultID>
		<label>Edit Favorites</label>
		<label2>Program</label2>
		<icon>DefaultShortcut.png</icon>
		<thumb>thumb</thumb>
		<action>ActivateWindow(Programs,"plugin://Insert-Swap-Kodi-Favourites",return)</action>
		</shortcut>
	<shortcut>
		<defaultID>plugin.program.super.favourites</defaultID>
		<label>Super Favourites</label>
		<label2>Video Add-On</label2>
		<icon>DefaultShortcut.png</icon>
		<thumb>thumb</thumb>
		<action>ActivateWindow(Videos,"plugin://plugin.program.super.favourites",return)</action>
		</shortcut>
	</shortcuts>
