<shortcuts>
	<shortcut>
		<defaultID />
		<label>Search Channels</label>
		<label2>Video Add-On</label2>
		<icon>DefaultShortcut.png</icon>
		<thumb>image://special%3a%2f%2fhome%2faddons%2fresource.images.skinicons.wide%2fresources%2ficons%2fsearch.png/</thumb>
		<action>ActivateWindow(Videos,"plugin://plugin.program.super.favourites/?label=Search+Channels&amp;mode=400&amp;path=special%3A%2F%2Fprofile%2Faddon_data%2Fplugin.program.super.favourites%2FSuper+Favourites%5CSearch+Channels&amp;image=special%3A%2F%2Fhome%2Faddons%2Fresource.images.skinicons.wide%2Fresources%2Ficons%2Fsearch.png&amp;fanart=special%3A%2F%2Fhome%2Faddons%5Cplugin.program.iptv.merge%5Cfanart.jpg&amp;content_type=",return)</action>
		</shortcut>
	<shortcut>
		<defaultID />
		<label>[B]All Channels[/B]</label>
		<label2>Program</label2>
		<icon>DefaultShortcut.png</icon>
		<thumb>image://C%3a%5cUsers%5cjeddi%5cAppData%5cRoaming%5cKodi%5caddons%5cplugin.program.iptv.merge%5cicon.png/</thumb>
		<action>ActivateWindow(Programs,"plugin://plugin.program.iptv.merge/?_=channels&amp;radio=0",return)</action>
		</shortcut>
	<shortcut>
		<defaultID />
		<label>News Live And Local</label>
		<label2>Video Add-On</label2>
		<icon>DefaultShortcut.png</icon>
		<thumb>image://special%3a%2f%2fhome%2faddons%2fresource.images.skinicons.wide%2fresources%2ficons%2fnews.png/</thumb>
		<action>ActivateWindow(Videos,"plugin://plugin.program.super.favourites/?label=News+Live+And+Local&amp;mode=400&amp;path=special%3A%2F%2Fprofile%2Faddon_data%2Fplugin.program.super.favourites%2FSuper+Favourites%5CNews+Live+And+Local&amp;image=special%3A%2F%2Fhome%2Faddons%2Fresource.images.skinicons.wide%2Fresources%2Ficons%2Fnews.png&amp;fanart=special%3A%2F%2Fhome%2Faddons%5Cplugin.video.localnow%5Cresources%5Cmedia%5Cfanart.jpg&amp;content_type=",return)</action>
		</shortcut>
	<shortcut>
		<defaultID />
		<label>DaddyLive</label>
		<label2>Video Add-On</label2>
		<icon>DefaultShortcut.png</icon>
		<thumb>thumb</thumb>
		<action>ActivateWindow(Videos,"plugin://plugin.video.daddylive/?mode=menu&amp;serv_type=live_tv",return)</action>
		</shortcut>
	<shortcut>
		<defaultID />
		<label>UK &amp; US TV Tapp</label>
		<label2>Video Add-On</label2>
		<icon>DefaultShortcut.png</icon>
		<thumb>image://special%3a%2f%2fhome%2faddons%2fresource.images.skinicons.wide%2fresources%2ficons%2ftvtap.png/</thumb>
		<action>ActivateWindow(Videos,"plugin://plugin.program.super.favourites/?label=UK+%26+US+TV+Tapp&amp;mode=400&amp;path=special%3A%2F%2Fprofile%2Faddon_data%2Fplugin.program.super.favourites%2FSuper+Favourites%5CUK+%26+US+TV+Tapp&amp;image=special%3A%2F%2Fhome%2Faddons%2Fresource.images.skinicons.wide%2Fresources%2Ficons%2Ftvtap.png&amp;fanart=C%3A%5CUsers%5Cjeddi%5CAppData%5CRoaming%5CKodi%5Caddons%5Cplugin.program.super.favourites%5Cfanart.jpg&amp;content_type=",return)</action>
		</shortcut>
	<shortcut>
		<defaultID />
		<label>The TVApp</label>
		<label2>Video Add-On</label2>
		<icon>DefaultShortcut.png</icon>
		<thumb>image://special%3a%2f%2fhome%2faddons%2fresource.images.skinicons.wide%2fresources%2ficons%2fthetvapp.png/</thumb>
		<action>ActivateWindow(Videos,"plugin://plugin.video.playlistloader2/?name=%5BThe+TV+App%5D&amp;url=https%3A%2F%2Ftvpass.org%2Fplaylist%2Fm3u&amp;mode=2&amp;iconimage=special%3A%2F%2Fhome%2Faddons%2Fresource.images.skinicons.wide%2Fresources%2Ficons%2Fthetvapp.png&amp;logos=&amp;epg=https%3A%2F%2Ftvpass.org%2Fepg.xml&amp;cache=0&amp;uuid=ceb9f280-1554-4b82-800c-1e7b0c34bea3",return)</action>
		</shortcut>
	<shortcut>
		<defaultID />
		<label>Live 24-7</label>
		<label2>Video Add-On</label2>
		<icon>DefaultShortcut.png</icon>
		<thumb>image://special%3a%2f%2fhome%2faddons%2fresource.images.skinicons.wide%2fresources%2ficons%2f247.png/</thumb>
		<action>ActivateWindow(Videos,"plugin://plugin.program.super.favourites/?label=24-7&amp;mode=400&amp;path=special%3A%2F%2Fprofile%2Faddon_data%2Fplugin.program.super.favourites%2FSuper+Favourites%5C24-7&amp;image=special%3A%2F%2Fhome%2Faddons%2Fresource.images.skinicons.wide%2Fresources%2Ficons%2F247.png&amp;fanart=special%3A%2F%2Fhome%2Faddons%5Cslyguy.plex.live%5Cfanart.jpg&amp;content_type=",return)</action>
		</shortcut>
	<shortcut>
		<defaultID>plugin.program.livetv</defaultID>
		<label>Diggz Live TV Browser </label>
		<label2>Video Add-On</label2>
		<icon>DefaultAddon.png</icon>
		<thumb>thumb</thumb>
		<action>RunAddOn(plugin.program.livetv)</action>
		</shortcut>
	<shortcut>
		<defaultID>plugin.video.madtitansports/get_list/https://magnetic.website/MAD_TITAN_SPORTS/LIVETV/livetv.json</defaultID>
		<label>Mad Titan Live TV</label>
		<label2>Video Add-On</label2>
		<icon>DefaultShortcut.png</icon>
		<thumb>image://https%3a%2f%2fmagnetic.website%2fmenu%2520icons%2fwolfgirl%2520mad%2520titan%2520sports%2520icons%2fLIVE%2520TV.png/</thumb>
		<action>ActivateWindow(Videos,"plugin://plugin.video.madtitansports/get_list/https://magnetic.website/MAD_TITAN_SPORTS/LIVETV/livetv.json",return)</action>
		</shortcut>
	<shortcut>
		<defaultID>slyguy.plex.live</defaultID>
		<label>Plex Live</label>
		<label2>Video Add-On</label2>
		<icon>DefaultShortcut.png</icon>
		<thumb>thumb</thumb>
		<action>ActivateWindow(Videos,"plugin://slyguy.plex.live",return)</action>
		</shortcut>
	<shortcut>
		<defaultID>slyguy.pluto.tv.provider</defaultID>
		<label>Pluto TV</label>
		<label2>Video Add-On</label2>
		<icon>DefaultShortcut.png</icon>
		<thumb>thumb</thumb>
		<action>ActivateWindow(Videos,"plugin://slyguy.pluto.tv.provider",return)</action>
		</shortcut>
	<shortcut>
		<defaultID>slyguy.stirr.provider</defaultID>
		<label>STIRR</label>
		<label2>Video Add-On</label2>
		<icon>DefaultShortcut.png</icon>
		<thumb>thumb</thumb>
		<action>ActivateWindow(Videos,"plugin://slyguy.stirr.provider",return)</action>
		</shortcut>
	<shortcut>
		<defaultID>slyguy.samsung.tv.plus</defaultID>
		<label>Samsung TV Plus</label>
		<label2>Video Add-On</label2>
		<icon>DefaultShortcut.png</icon>
		<thumb>thumb</thumb>
		<action>ActivateWindow(Videos,"plugin://slyguy.samsung.tv.plus",return)</action>
		</shortcut>
	<shortcut>
		<defaultID>plugin.video.xumoplay</defaultID>
		<label>Xumo Play</label>
		<label2>Video Add-On</label2>
		<icon>DefaultShortcut.png</icon>
		<thumb>thumb</thumb>
		<action>ActivateWindow(Videos,"plugin://plugin.video.xumoplay",return)</action>
		</shortcut>
	<shortcut>
		<defaultID />
		<label>The Crew IPTV</label>
		<label2>Video Add-On</label2>
		<icon>DefaultShortcut.png</icon>
		<thumb>image://C%3a%5cUsers%5cjeddi%5cAppData%5cRoaming%5cKodi%5caddons%5cscript.thecrew.artwork%5cresources%5cmedia%5cthecrew%5cmain_whitehat.png/</thumb>
		<action>ActivateWindow(Videos,"plugin://plugin.video.thecrew/?action=whitehat",return)</action>
		</shortcut>
	<shortcut>
		<defaultID>plugin.video.tvone111</defaultID>
		<label>RedBox</label>
		<label2>Video Add-On</label2>
		<icon>DefaultShortcut.png</icon>
		<thumb>thumb</thumb>
		<action>ActivateWindow(Videos,"plugin://plugin.video.tvone111",return)</action>
		</shortcut>
	<shortcut>
		<defaultID>plugin.video.tvone112</defaultID>
		<label>RStv</label>
		<label2>Video Add-On</label2>
		<icon>DefaultShortcut.png</icon>
		<thumb>thumb</thumb>
		<action>ActivateWindow(Videos,"plugin://plugin.video.tvone112",return)</action>
		</shortcut>
	<shortcut>
		<defaultID>slyguy.pbs.live</defaultID>
		<label>PBS Live</label>
		<label2>Video Add-On</label2>
		<icon>DefaultShortcut.png</icon>
		<thumb>thumb</thumb>
		<action>ActivateWindow(Videos,"plugin://slyguy.pbs.live",return)</action>
		</shortcut>
	<shortcut>
		<defaultID>plugin.video.raitv</defaultID>
		<label>Rai Play (Italian)</label>
		<label2>Video Add-On</label2>
		<icon>DefaultShortcut.png</icon>
		<thumb>thumb</thumb>
		<action>ActivateWindow(Videos,"plugin://plugin.video.raitv",return)</action>
		</shortcut>
	</shortcuts>
