<shortcuts>
	<shortcut>
		<defaultID>13012</defaultID>
		<label>Exit DiggzFlix</label>
		<label2>Custom item</label2>
		<icon>common/exit1.png</icon>
		<thumb>special://home/addons/resource.images.skinicons.wide/resources/power2.gif</thumb>
		<action>PlayMedia("plugin://plugin.program.chef21/?url=&amp;mode=18&amp;name=%5BB%5D%5BCOLOR+snow%5DForce+Close%5B%2FCOLOR%5D%5B%2FB%5D&amp;icon=C%3A%5CUsers%5Cjeddi%5CAppData%5CRoaming%5CKodi%5Caddons%5Cplugin.program.chef21%5Cresources%5Cicon.png&amp;fanart=C%3A%5CUsers%5Cjeddi%5CAppData%5CRoaming%5CKodi%5Caddons%5Cplugin.program.chef21%5Cresources%5Cfanart.jpg&amp;description=%5BB%5D%5BCOLOR+snow%5DForce+Close+Kodi%5B%2FCOLOR%5D%5B%2FB%5D&amp;name2=&amp;version=&amp;kodi=")</action>
		</shortcut>
	<shortcut>
		<defaultID>20150</defaultID>
		<label>Shutdown Timer</label>
		<label2>Custom item</label2>
		<icon>special://home/addons/resource.images.skinicons.wide/resources/shutdown-timer.png</icon>
		<thumb>special://home/addons/resource.images.skinicons.wide/resources/shutdown-timer.png</thumb>
		<action>AlarmClock(shutdowntimer,Shutdown())</action>
		</shortcut>
	<shortcut>
		<defaultID>20151</defaultID>
		<label>Cancel Timer</label>
		<label2>Custom item</label2>
		<icon>special://home/addons/resource.images.skinicons.wide/resources/cancel-timer.png</icon>
		<thumb>special://home/addons/resource.images.skinicons.wide/resources/cancel-timer.png</thumb>
		<action>CancelAlarm(shutdowntimer)</action>
		</shortcut>
	<shortcut>
		<defaultID>31706</defaultID>
		<label>Reload Skin</label>
		<label2>Kodi Command</label2>
		<icon>common/reload-skin.png</icon>
		<thumb>special://home/addons/resource.images.skinicons.wide/resources/switchskins.png</thumb>
		<action>ReloadSkin()</action>
		</shortcut>
	<shortcut>
		<defaultID>20077</defaultID>
		<label>20077</label>
		<label2 />
		<icon>special://home/addons/resource.images.skinicons.wide/resources/defaultaddonskin.png</icon>
		<thumb>special://home/addons/resource.images.skinicons.wide/resources/defaultaddonskin.png</thumb>
		<action>ActivateWindow(SkinSettings)</action>
		</shortcut>
	<shortcut>
		<defaultID>20126</defaultID>
		<label>20126</label>
		<label2>Kodi Command</label2>
		<icon>common/lock.png</icon>
		<thumb />
		<action>System.LogOff</action>
		<visible>System.HasLoginScreen</visible>
		</shortcut>
	</shortcuts>
