<shortcuts>
	<shortcut>
		<defaultID>plugin.audio.dashradio</defaultID>
		<label>Litt Live Radio</label>
		<label2>Music Add-On</label2>
		<icon>DefaultShortcut.png</icon>
		<thumb>thumb</thumb>
		<action>ActivateWindow(Music,"plugin://plugin.audio.dashradio",return)</action>
		</shortcut>
	<shortcut>
		<defaultID>plugin.audio.mp3streams</defaultID>
		<label>MP3 Streams</label>
		<label2>Music Add-On</label2>
		<icon>DefaultShortcut.png</icon>
		<thumb>thumb</thumb>
		<action>ActivateWindow(Music,"plugin://plugin.audio.mp3streams",return)</action>
		</shortcut>
	<shortcut>
		<defaultID>plugin.audio.mixcloud</defaultID>
		<label>Mixcloud</label>
		<label2>Music Add-On</label2>
		<icon>DefaultShortcut.png</icon>
		<thumb>thumb</thumb>
		<action>ActivateWindow(Music,"plugin://plugin.audio.mixcloud",return)</action>
		</shortcut>
	<shortcut>
		<defaultID>plugin.audio.pandoki</defaultID>
		<label>Pandoki (US ONLY)</label>
		<label2>Music Add-On</label2>
		<icon>DefaultShortcut.png</icon>
		<thumb>thumb</thumb>
		<action>ActivateWindow(Music,"plugin://plugin.audio.pandoki",return)</action>
		</shortcut>
	<shortcut>
		<defaultID>plugin.audio.radio_de_light</defaultID>
		<label>Radio.de light</label>
		<label2>Music Add-On</label2>
		<icon>DefaultShortcut.png</icon>
		<thumb>thumb</thumb>
		<action>ActivateWindow(Music,"plugin://plugin.audio.radio_de_light",return)</action>
		</shortcut>
	<shortcut>
		<defaultID>plugin.audio.soundcloud</defaultID>
		<label>SoundCloud</label>
		<label2>Music Add-On</label2>
		<icon>DefaultShortcut.png</icon>
		<thumb>thumb</thumb>
		<action>ActivateWindow(Music,"plugin://plugin.audio.soundcloud",return)</action>
		</shortcut>
	<shortcut>
		<defaultID>plugin.audio.mytuner</defaultID>
		<label>myTuner</label>
		<label2>Music Add-On</label2>
		<icon>DefaultShortcut.png</icon>
		<thumb>thumb</thumb>
		<action>ActivateWindow(Music,"plugin://plugin.audio.mytuner",return)</action>
		</shortcut>
	<shortcut>
		<defaultID>plugin.video.essential</defaultID>
		<label>Essential</label>
		<label2>Video Add-On</label2>
		<icon>DefaultShortcut.png</icon>
		<thumb>thumb</thumb>
		<action>ActivateWindow(Videos,"plugin://plugin.video.essential",return)</action>
		</shortcut>
	<shortcut>
		<defaultID />
		<label>Pluto Music Videos</label>
		<label2>Video Add-On</label2>
		<icon>DefaultShortcut.png</icon>
		<thumb>image://http%3a%2f%2f127.0.0.1%3a8095%2fhttps%3a%2f%2fflagcdn.com%2fh240%2fus.png%7cuser-agent%3dokhttp%2f4.9.3%26session_type%3dart%26session_addonid%3dslyguy.pluto.tv.provider/</thumb>
		<action>ActivateWindow(Videos,"plugin://slyguy.pluto.tv.provider/?_=live_tv&amp;code=us&amp;group=Music+Videos",return)</action>
		</shortcut>
	<shortcut>
		<defaultID />
		<label>Stirr Music Live</label>
		<label2>Video Add-On</label2>
		<icon>DefaultShortcut.png</icon>
		<thumb>image://C%3a%5cUsers%5cjeddi%5cAppData%5cRoaming%5cKodi%5caddons%5cslyguy.stirr.provider%5cicon.png/</thumb>
		<action>ActivateWindow(Videos,"plugin://slyguy.stirr.provider/?_=live_tv&amp;code=all&amp;group=Music+Live",return)</action>
		</shortcut>
	<shortcut>
		<defaultID />
		<label>Samsung TV Music</label>
		<label2>Video Add-On</label2>
		<icon>DefaultShortcut.png</icon>
		<thumb>image://http%3a%2f%2f127.0.0.1%3a8095%2fhttps%3a%2f%2fflagcdn.com%2fh240%2fus.png%7cuser-agent%3dokhttp%2f4.9.3%26session_type%3dart%26session_addonid%3dslyguy.samsung.tv.plus/</thumb>
		<action>ActivateWindow(Videos,"plugin://slyguy.samsung.tv.plus/?_=live_tv&amp;code=us&amp;group=Music",return)</action>
		</shortcut>
	<shortcut>
		<defaultID>plugin.video.worldstarhiphop</defaultID>
		<label>World Star Hip Hop</label>
		<label2>Video Add-On</label2>
		<icon>DefaultShortcut.png</icon>
		<thumb>thumb</thumb>
		<action>ActivateWindow(Videos,"plugin://plugin.video.worldstarhiphop",return)</action>
		</shortcut>
	<shortcut>
		<defaultID>plugin.video.fdj.hd.p3</defaultID>
		<label>[B]FDJ.HD[/B]</label>
		<label2>Video Add-On</label2>
		<icon>DefaultShortcut.png</icon>
		<thumb>thumb</thumb>
		<action>ActivateWindow(Videos,"plugin://plugin.video.fdj.hd.p3",return)</action>
		</shortcut>
	<shortcut>
		<defaultID />
		<label>Xumo Music &amp; Radio</label>
		<label2>Video Add-On</label2>
		<icon>DefaultShortcut.png</icon>
		<thumb>image://special%3a%2f%2fhome%2faddons%2fplugin.video.xumoplay%2fresources%2fmedia%2ficon.png/</thumb>
		<action>ActivateWindow(Videos,"plugin://plugin.video.xumoplay?mode=3&amp;url=https%3A%2F%2Fvalencia-app-mds.xumo.com%2Fv2%2F&amp;name=Music+%26+Radio",return)</action>
		</shortcut>
	</shortcuts>
