<shortcuts>
	<shortcut>
		<defaultID />
		<label>Adults ONLY!!</label>
		<label2>Video Add-On</label2>
		<icon>DefaultShortcut.png</icon>
		<thumb>image://special%3a%2f%2fhome%2faddons%2fresource.images.skinicons.wide%2fresources%2ficons%2fEXPLORE%2fPorn.png/</thumb>
		<action>ActivateWindow(Videos,"plugin://plugin.program.super.favourites/?label=%5BCOLOR+deeppink%5DAdults+ONLY%21%21%5B%2FCOLOR%5D&amp;mode=400&amp;path=special%3A%2F%2Fprofile%2Faddon_data%2Fplugin.program.super.favourites%2FSuper+Favourites%5CXXX%5CAdults+ONLY%21%21&amp;image=special%3A%2F%2Fhome%2Faddons%2Fresource.images.skinicons.wide%2Fresources%2Ficons%2FEXPLORE%2FPorn.png&amp;fanart=C%3A%5CUsers%5Cjeddi%5CAppData%5CRoaming%5CKodi%5Caddons%5Cplugin.program.super.favourites%5Cfanart.jpg&amp;content_type=",return)</action>
		</shortcut>
	<shortcut>
		<defaultID />
		<label>Anime</label>
		<label2>Video Add-On</label2>
		<icon>DefaultShortcut.png</icon>
		<thumb>image://special%3a%2f%2fhome%2faddons%2fresource.images.skinicons.wide%2fresources%2ficons%2fEXPLORE%2fanime.ico/</thumb>
		<action>ActivateWindow(Videos,"plugin://plugin.program.super.favourites/?label=Anime&amp;mode=400&amp;path=special%3A%2F%2Fprofile%2Faddon_data%2Fplugin.program.super.favourites%2FSuper+Favourites%5CExplore%5CAnime&amp;image=special%3A%2F%2Fhome%2Faddons%2Fresource.images.skinicons.wide%2Fresources%2Ficons%2FEXPLORE%2Fanime.ico&amp;fanart=special%3A%2F%2Fhome%2Faddons%2Fresource.images.skinicons.wide%2Fresources%2FAnime.jpg&amp;content_type=",return)</action>
		</shortcut>
	<shortcut>
		<defaultID />
		<label>Classics Zone</label>
		<label2>Video Add-On</label2>
		<icon>DefaultShortcut.png</icon>
		<thumb>image://special%3a%2f%2fhome%2faddons%2fresource.images.skinicons.wide%2fresources%2ficons%2fEXPLORE%2fclassics.png/</thumb>
		<action>ActivateWindow(Videos,"plugin://plugin.program.super.favourites/?label=Classics+Zone&amp;mode=400&amp;path=special%3A%2F%2Fprofile%2Faddon_data%2Fplugin.program.super.favourites%2FSuper+Favourites%5CExplore%5CClassics+Zone&amp;image=special%3A%2F%2Fhome%2Faddons%2Fresource.images.skinicons.wide%2Fresources%2Ficons%2FEXPLORE%2Fclassics.png&amp;fanart=special%3A%2F%2Fhome%2Faddons%2Fresource.images.skinicons.wide%2Fresources%2Fga.jpg&amp;content_type=",return)</action>
		</shortcut>
	<shortcut>
		<defaultID />
		<label>Documentaries</label>
		<label2>Video Add-On</label2>
		<icon>DefaultShortcut.png</icon>
		<thumb>image://special%3a%2f%2fhome%2faddons%2fresource.images.skinicons.wide%2fresources%2ficons%2fEXPLORE%2fDOCS.png/</thumb>
		<action>ActivateWindow(Videos,"plugin://plugin.program.super.favourites/?label=Documentaries&amp;mode=400&amp;path=special%3A%2F%2Fprofile%2Faddon_data%2Fplugin.program.super.favourites%2FSuper+Favourites%5CExplore%5CDocumentaries&amp;image=special%3A%2F%2Fhome%2Faddons%2Fresource.images.skinicons.wide%2Fresources%2Ficons%2FEXPLORE%2FDOCS.png&amp;fanart=special%3A%2F%2Fhome%2Faddons%2Fresource.images.skinicons.wide%2Fresources%2FDocumentary.jpg&amp;content_type=",return)</action>
		</shortcut>
	<shortcut>
		<defaultID />
		<label>En Espanol</label>
		<label2>Video Add-On</label2>
		<icon>DefaultShortcut.png</icon>
		<thumb>image://special%3a%2f%2fhome%2faddons%2fresource.images.skinicons.wide%2fresources%2ficons%2fEXPLORE%2fESPANOL1.png/</thumb>
		<action>ActivateWindow(Videos,"plugin://plugin.program.super.favourites/?label=%5BCOLOR+blue%5DEn+Espanol%5B%2FCOLOR%5D&amp;mode=400&amp;path=special%3A%2F%2Fprofile%2Faddon_data%2Fplugin.program.super.favourites%2FSuper+Favourites%5CExplore%5CEn+Espanol&amp;image=special%3A%2F%2Fhome%2Faddons%2Fresource.images.skinicons.wide%2Fresources%2Ficons%2FEXPLORE%2FESPANOL1.png&amp;fanart=special%3A%2F%2Fhome%2Faddons%2Fresource.images.skinicons.wide%2Fresources%2Flatino.jpg&amp;content_type=",return)</action>
		</shortcut>
	<shortcut>
		<defaultID />
		<label>Food And Cooking</label>
		<label2>Video Add-On</label2>
		<icon>DefaultShortcut.png</icon>
		<thumb>image://special%3a%2f%2fhome%2faddons%2fresource.images.skinicons.wide%2fresources%2ficons%2fEXPLORE%2ffood.png/</thumb>
		<action>ActivateWindow(Videos,"plugin://plugin.program.super.favourites/?label=%5BCOLOR+tomato%5DFood+And+Cooking%5B%2FCOLOR%5D&amp;mode=400&amp;path=special%3A%2F%2Fprofile%2Faddon_data%2Fplugin.program.super.favourites%2FSuper+Favourites%5CExplore%5CFood+And+Cooking&amp;image=special%3A%2F%2Fhome%2Faddons%2Fresource.images.skinicons.wide%2Fresources%2Ficons%2FEXPLORE%2Ffood.png&amp;fanart=special%3A%2F%2Fhome%2Faddons%2Fresource.images.skinicons.wide%2Fresources%2Ffoodwineblue.jpg&amp;content_type=",return)</action>
		</shortcut>
	<shortcut>
		<defaultID />
		<label>Game Shows</label>
		<label2>Video Add-On</label2>
		<icon>DefaultShortcut.png</icon>
		<thumb>image://special%3a%2f%2fhome%2faddons%2fresource.images.skinicons.wide%2fresources%2ficons%2fEXPLORE%2fgameshow.jpg/</thumb>
		<action>ActivateWindow(Videos,"plugin://plugin.program.super.favourites/?label=Game+Shows&amp;mode=400&amp;path=special%3A%2F%2Fprofile%2Faddon_data%2Fplugin.program.super.favourites%2FSuper+Favourites%5CExplore%5CGame+Shows&amp;image=special%3A%2F%2Fhome%2Faddons%2Fresource.images.skinicons.wide%2Fresources%2Ficons%2FEXPLORE%2Fgameshow.jpg&amp;fanart=special%3A%2F%2Fhome%2Faddons%2Fresource.images.skinicons.wide%2Fresources%2Fgameshows.jpg&amp;content_type=",return)</action>
		</shortcut>
	<shortcut>
		<defaultID />
		<label>Her Place</label>
		<label2>Video Add-On</label2>
		<icon>DefaultShortcut.png</icon>
		<thumb>image://special%3a%2f%2fhome%2faddons%2fresource.images.skinicons.wide%2fresources%2ficons%2fEXPLORE%2fherplace.png/</thumb>
		<action>ActivateWindow(Videos,"plugin://plugin.program.super.favourites/?label=%5BCOLOR+pink%5DHer+Place%5B%2FCOLOR%5D&amp;mode=400&amp;path=special%3A%2F%2Fprofile%2Faddon_data%2Fplugin.program.super.favourites%2FSuper+Favourites%5CExplore%5CHer+Place&amp;image=special%3A%2F%2Fhome%2Faddons%2Fresource.images.skinicons.wide%2Fresources%2Ficons%2FEXPLORE%2Fherplace.png&amp;fanart=special%3A%2F%2Fhome%2Faddons%2Fresource.images.skinicons.wide%2Fresources%2Fherplace.jpg&amp;content_type=",return)</action>
		</shortcut>
	<shortcut>
		<defaultID />
		<label>Home, DIY &amp; Lifestyle</label>
		<label2>Video Add-On</label2>
		<icon>DefaultShortcut.png</icon>
		<thumb>image://special%3a%2f%2fhome%2faddons%2fresource.images.skinicons.wide%2fresources%2ficons%2fEXPLORE%2fHOME.png/</thumb>
		<action>ActivateWindow(Videos,"plugin://plugin.program.super.favourites/?label=Home%2C+DIY+%26+Lifestyle&amp;mode=400&amp;path=special%3A%2F%2Fprofile%2Faddon_data%2Fplugin.program.super.favourites%2FSuper+Favourites%5CExplore%5CHome%2C+DIY+%26+Lifestyle&amp;image=special%3A%2F%2Fhome%2Faddons%2Fresource.images.skinicons.wide%2Fresources%2Ficons%2FEXPLORE%2FHOME.png&amp;fanart=special%3A%2F%2Fhome%2Faddons%2Fresource.images.skinicons.wide%2Fresources%2FHome-Improvement-Projects.png&amp;content_type=",return)</action>
		</shortcut>
	<shortcut>
		<defaultID />
		<label>Horror</label>
		<label2>Video Add-On</label2>
		<icon>DefaultShortcut.png</icon>
		<thumb>image://special%3a%2f%2fhome%2faddons%2fresource.images.skinicons.wide%2fresources%2ficons%2fEXPLORE%2fHORROR.png/</thumb>
		<action>ActivateWindow(Videos,"plugin://plugin.program.super.favourites/?label=Horror&amp;mode=400&amp;path=special%3A%2F%2Fprofile%2Faddon_data%2Fplugin.program.super.favourites%2FSuper+Favourites%5CExplore%5CHorror&amp;image=special%3A%2F%2Fhome%2Faddons%2Fresource.images.skinicons.wide%2Fresources%2Ficons%2FEXPLORE%2FHORROR.png&amp;fanart=special%3A%2F%2Fhome%2Faddons%2Fresource.images.skinicons.wide%2Fresources%2FHorror.jpg&amp;content_type=",return)</action>
		</shortcut>
	<shortcut>
		<defaultID />
		<label>India-SE Asia</label>
		<label2>Video Add-On</label2>
		<icon>DefaultShortcut.png</icon>
		<thumb>image://special%3a%2f%2fhome%2faddons%2fresource.images.skinicons.wide%2fresources%2ficons%2fEXPLORE%2fsouthasia.png/</thumb>
		<action>ActivateWindow(Videos,"plugin://plugin.program.super.favourites/?label=%5BCOLOR+tan%5DIndia-SE+Asia%5B%2FCOLOR%5D&amp;mode=400&amp;path=special%3A%2F%2Fprofile%2Faddon_data%2Fplugin.program.super.favourites%2FSuper+Favourites%5CExplore%5CIndia-SE+Asia&amp;image=special%3A%2F%2Fhome%2Faddons%2Fresource.images.skinicons.wide%2Fresources%2Ficons%2FEXPLORE%2Fsouthasia.png&amp;fanart=special%3A%2F%2Fhome%2Faddons%2Fresource.images.skinicons.wide%2Fresources%2FForeign+copy.jpg&amp;content_type=",return)</action>
		</shortcut>
	<shortcut>
		<defaultID />
		<label>Martial Arts</label>
		<label2>Video Add-On</label2>
		<icon>DefaultShortcut.png</icon>
		<thumb>image://special%3a%2f%2fhome%2faddons%2fresource.images.skinicons.wide%2fresources%2ficons%2fEXPLORE%2fMARTIALARTS.png/</thumb>
		<action>ActivateWindow(Videos,"plugin://plugin.program.super.favourites/?label=%5BCOLOR+violet%5DMartial+Arts%5B%2FCOLOR%5D&amp;mode=400&amp;path=special%3A%2F%2Fprofile%2Faddon_data%2Fplugin.program.super.favourites%2FSuper+Favourites%5CExplore%5CMartial+Arts&amp;image=special%3A%2F%2Fhome%2Faddons%2Fresource.images.skinicons.wide%2Fresources%2Ficons%2FEXPLORE%2FMARTIALARTS.png&amp;fanart=special%3A%2F%2Fhome%2Faddons%2Fresource.images.skinicons.wide%2Fresources%2FMartial+Arts+copy.jpg&amp;content_type=",return)</action>
		</shortcut>
	<shortcut>
		<defaultID />
		<label>Reality TV</label>
		<label2>Video Add-On</label2>
		<icon>DefaultShortcut.png</icon>
		<thumb>image://special%3a%2f%2fhome%2faddons%2fresource.images.skinicons.wide%2fresources%2ficons%2fEXPLORE%2fREALITY.png/</thumb>
		<action>ActivateWindow(Videos,"plugin://plugin.program.super.favourites/?label=%5BCOLOR+yellow%5DReality+TV%5B%2FCOLOR%5D&amp;mode=400&amp;path=special%3A%2F%2Fprofile%2Faddon_data%2Fplugin.program.super.favourites%2FSuper+Favourites%5CExplore%5CReality+TV&amp;image=special%3A%2F%2Fhome%2Faddons%2Fresource.images.skinicons.wide%2Fresources%2Ficons%2FEXPLORE%2FREALITY.png&amp;fanart=special%3A%2F%2Fhome%2Faddons%2Fresource.images.skinicons.wide%2Fresources%2Frealitytv.jpg&amp;content_type=",return)</action>
		</shortcut>
	<shortcut>
		<defaultID />
		<label>Relax And Chill</label>
		<label2>Video Add-On</label2>
		<icon>DefaultShortcut.png</icon>
		<thumb>image://special%3a%2f%2fhome%2faddons%2fresource.images.skinicons.wide%2fresources%2ficons%2fEXPLORE%2fchill.jpg/</thumb>
		<action>ActivateWindow(Videos,"plugin://plugin.program.super.favourites/?label=%5BCOLOR+turquoise%5DRelax+And+Chill%5B%2FCOLOR%5D&amp;mode=400&amp;path=special%3A%2F%2Fprofile%2Faddon_data%2Fplugin.program.super.favourites%2FSuper+Favourites%5CExplore%5CRelax+And+Chill&amp;image=special%3A%2F%2Fhome%2Faddons%2Fresource.images.skinicons.wide%2Fresources%2Ficons%2FEXPLORE%2Fchill.jpg&amp;fanart=special%3A%2F%2Fhome%2Faddons%2Fresource.images.skinicons.wide%2Fresources%2Frelax.jpg&amp;content_type=",return)</action>
		</shortcut>
	<shortcut>
		<defaultID />
		<label>Religion</label>
		<label2>Video Add-On</label2>
		<icon>DefaultShortcut.png</icon>
		<thumb>image://special%3a%2f%2fhome%2faddons%2fresource.images.skinicons.wide%2fresources%2ficons%2fEXPLORE%2freligion.jpg/</thumb>
		<action>ActivateWindow(Videos,"plugin://plugin.program.super.favourites/?label=Religion&amp;mode=400&amp;path=special%3A%2F%2Fprofile%2Faddon_data%2Fplugin.program.super.favourites%2FSuper+Favourites%5CExplore%5CReligion&amp;image=special%3A%2F%2Fhome%2Faddons%2Fresource.images.skinicons.wide%2Fresources%2Ficons%2FEXPLORE%2Freligion.jpg&amp;fanart=special%3A%2F%2Fhome%2Faddons%2Fresource.images.skinicons.wide%2Fresources%2Freligion.jpg&amp;content_type=",return)</action>
		</shortcut>
	<shortcut>
		<defaultID />
		<label>Scifi, UFO's &amp; Paranormal</label>
		<label2>Video Add-On</label2>
		<icon>DefaultShortcut.png</icon>
		<thumb>image://special%3a%2f%2fhome%2faddons%2fresource.images.skinicons.wide%2fresources%2ficons%2fEXPLORE%2fSCIFI.png/</thumb>
		<action>ActivateWindow(Videos,"plugin://plugin.program.super.favourites/?label=%5BCOLOR+yellowgreen%5DScifi%2C+UFO%27s+%26+Paranormal%5B%2FCOLOR%5D&amp;mode=400&amp;path=special%3A%2F%2Fprofile%2Faddon_data%2Fplugin.program.super.favourites%2FSuper+Favourites%5CExplore%5CScifi%2C+UFO%27s+%26+Paranormal&amp;image=special%3A%2F%2Fhome%2Faddons%2Fresource.images.skinicons.wide%2Fresources%2Ficons%2FEXPLORE%2FSCIFI.png&amp;fanart=special%3A%2F%2Fhome%2Faddons%2Fresource.images.skinicons.wide%2Fresources%2Fscifiufos.jpg&amp;content_type=",return)</action>
		</shortcut>
	<shortcut>
		<defaultID />
		<label>Shopping</label>
		<label2>Video Add-On</label2>
		<icon>DefaultShortcut.png</icon>
		<thumb>image://special%3a%2f%2fhome%2faddons%2fresource.images.skinicons.wide%2fresources%2ficons%2fEXPLORE%2fshopping.jpg/</thumb>
		<action>ActivateWindow(Videos,"plugin://plugin.program.super.favourites/?label=Shopping&amp;mode=400&amp;path=special%3A%2F%2Fprofile%2Faddon_data%2Fplugin.program.super.favourites%2FSuper+Favourites%5CExplore%5CShopping&amp;image=special%3A%2F%2Fhome%2Faddons%2Fresource.images.skinicons.wide%2Fresources%2Ficons%2FEXPLORE%2Fshopping.jpg&amp;fanart=special%3A%2F%2Fhome%2Faddons%2Fresource.images.skinicons.wide%2Fresources%2Fshopping.png&amp;content_type=",return)</action>
		</shortcut>
	<shortcut>
		<defaultID />
		<label>Urban Essence</label>
		<label2>Video Add-On</label2>
		<icon>DefaultShortcut.png</icon>
		<thumb>image://special%3a%2f%2fhome%2faddons%2fresource.images.skinicons.wide%2fresources%2ficons%2fEXPLORE%2furban-entertainment-logo.jpg/</thumb>
		<action>ActivateWindow(Videos,"plugin://plugin.program.super.favourites/?label=Urban+Essence&amp;mode=400&amp;path=special%3A%2F%2Fprofile%2Faddon_data%2Fplugin.program.super.favourites%2FSuper+Favourites%5CExplore%5CUrban+Essence&amp;image=special%3A%2F%2Fhome%2Faddons%2Fresource.images.skinicons.wide%2Fresources%2Ficons%2FEXPLORE%2Furban-entertainment-logo.jpg&amp;fanart=special%3A%2F%2Fhome%2Faddons%2Fresource.images.skinicons.wide%2Fresources%2Furbanblue.jpg&amp;content_type=",return)</action>
		</shortcut>
	<shortcut>
		<defaultID />
		<label>[COLOR whitesmoke]War And Politics[/COLOR]</label>
		<label2>Video Add-On</label2>
		<icon>DefaultShortcut.png</icon>
		<thumb>image://special%3a%2f%2fhome%2faddons%2fresource.images.skinicons.wide%2fresources%2ficons%2fEXPLORE%2fWAR.png/</thumb>
		<action>ActivateWindow(Videos,"plugin://plugin.program.super.favourites/?label=%5BCOLOR+whitesmoke%5DWar+And+Politics%5B%2FCOLOR%5D&amp;mode=400&amp;path=special%3A%2F%2Fprofile%2Faddon_data%2Fplugin.program.super.favourites%2FSuper+Favourites%5CExplore%5CWar+And+Politics&amp;image=special%3A%2F%2Fhome%2Faddons%2Fresource.images.skinicons.wide%2Fresources%2Ficons%2FEXPLORE%2FWAR.png&amp;fanart=special%3A%2F%2Fhome%2Faddons%2Fresource.images.skinicons.wide%2Fresources%2FWar.jpg&amp;content_type=",return)</action>
		</shortcut>
	<shortcut>
		<defaultID />
		<label>Webcams</label>
		<label2>Video Add-On</label2>
		<icon>DefaultShortcut.png</icon>
		<thumb>image://special%3a%2f%2fhome%2faddons%2fresource.images.skinicons.wide%2fresources%2ficons%2fEXPLORE%2fwebcams.png/</thumb>
		<action>ActivateWindow(Videos,"plugin://plugin.program.super.favourites/?label=Webcams&amp;mode=400&amp;path=special%3A%2F%2Fprofile%2Faddon_data%2Fplugin.program.super.favourites%2FSuper+Favourites%5CExplore%5CWebcams&amp;image=special%3A%2F%2Fhome%2Faddons%2Fresource.images.skinicons.wide%2Fresources%2Ficons%2FEXPLORE%2Fwebcams.png&amp;fanart=special%3A%2F%2Fhome%2Faddons%2Fresource.images.skinicons.wide%2Fresources%2Fwebcams.jpg&amp;content_type=",return)</action>
		</shortcut>
	<shortcut>
		<defaultID />
		<label>Westerns</label>
		<label2>Video Add-On</label2>
		<icon>DefaultShortcut.png</icon>
		<thumb>image://special%3a%2f%2fhome%2faddons%2fresource.images.skinicons.wide%2fresources%2ficons%2fEXPLORE%2fWESTERNS.png/</thumb>
		<action>ActivateWindow(Videos,"plugin://plugin.program.super.favourites/?label=Westerns&amp;mode=400&amp;path=special%3A%2F%2Fprofile%2Faddon_data%2Fplugin.program.super.favourites%2FSuper+Favourites%5CExplore%5CWesterns&amp;image=special%3A%2F%2Fhome%2Faddons%2Fresource.images.skinicons.wide%2Fresources%2Ficons%2FEXPLORE%2FWESTERNS.png&amp;fanart=special%3A%2F%2Fhome%2Faddons%2Fresource.images.skinicons.wide%2Fresources%2FWestern.jpg&amp;content_type=",return)</action>
		</shortcut>
	</shortcuts>
