<shortcuts>
	<shortcut>
		<defaultID />
		<label>Debrid and Trakt Logins</label>
		<label2>Program</label2>
		<icon>DefaultShortcut.png</icon>
		<thumb>image://C%3a%5cUsers%5cjeddi%5cAppData%5cRoaming%5cKodi%5caddons%5cplugin.program.chef21%5cresources%5cicon.png/</thumb>
		<action>ActivateWindow(Programs,"plugin://plugin.program.chef21/?url=&amp;mode=10&amp;name=%5BB%5D%5BCOLOR+snow%5DAuthorize+Debrid+and+Trakt%5B%2FCOLOR%5D%5B%2FB%5D&amp;icon=C%3A%5CUsers%5Cjeddi%5CAppData%5CRoaming%5CKodi%5Caddons%5Cplugin.program.chef21%5Cresources%5Cicon.png&amp;fanart=C%3A%5CUsers%5Cjeddi%5CAppData%5CRoaming%5CKodi%5Caddons%5Cplugin.program.chef21%5Cresources%5Cfanart.jpg&amp;description=%5BB%5D%5BCOLOR+snow%5DAuthorize+Debrid+and+Trakt%5B%2FCOLOR%5D%5B%2FB%5D&amp;name2=&amp;version=&amp;kodi=",return)</action>
		</shortcut>
	<shortcut>
		<defaultID>plugin.program.maxql</defaultID>
		<label>1080/4K Switch</label>
		<label2>Program</label2>
		<icon>DefaultShortcut.png</icon>
		<thumb>thumb</thumb>
		<action>ActivateWindow(Programs,"plugin://plugin.program.maxql",return)</action>
		</shortcut>
	<shortcut>
		<defaultID>settings</defaultID>
		<label>Kodi Settings</label>
		<label2>Custom item</label2>
		<icon>common/settings1.png</icon>
		<thumb />
		<action>ActivateWindow(Settings)</action>
		</shortcut>
	<shortcut>
		<defaultID>20077</defaultID>
		<label>20077</label>
		<label2 />
		<icon>common/skin-settings.png</icon>
		<thumb />
		<action>ActivateWindow(SkinSettings)</action>
		</shortcut>
	<shortcut>
		<defaultID>b-colorsnow-advancedsettingsk21-color-b</defaultID>
		<label>Advanced Settings</label>
		<label2>Favourite</label2>
		<icon>DefaultFolder.png</icon>
		<thumb>C:\Users\jeddi\AppData\Roaming\Kodi\addons\plugin.program.chef21\resources\icon.png</thumb>
		<action>PlayMedia("plugin://plugin.program.chef21/?url=&amp;mode=29&amp;name=%5BB%5D%5BCOLOR+snow%5DAdvanced+Settings+K21%5B%2FCOLOR%5D%5B%2FB%5D&amp;icon=C%3A%5CUsers%5Cjeddi%5CAppData%5CRoaming%5CKodi%5Caddons%5Cplugin.program.chef21%5Cresources%5Cicon.png&amp;fanart=C%3A%5CUsers%5Cjeddi%5CAppData%5CRoaming%5CKodi%5Caddons%5Cplugin.program.chef21%5Cresources%5Cfanart.jpg&amp;description=%5BB%5D%5BCOLOR+snow%5DA+list+of+presets+to+set+the+cache+size+based+on+your+device%27s+RAM+size.%5B%2FCOLOR%5D%5B%2FB%5D&amp;name2=&amp;version=&amp;kodi=")</action>
		</shortcut>
	<shortcut>
		<defaultID>plugin.program.chef21</defaultID>
		<label>Chef Wizard</label>
		<label2>Program</label2>
		<icon>DefaultShortcut.png</icon>
		<thumb>thumb</thumb>
		<action>ActivateWindow(Programs,"plugin://plugin.program.chef21",return)</action>
		</shortcut>
	<shortcut>
		<defaultID />
		<label>TMDBH Settings</label>
		<label2>Custom item</label2>
		<icon>DefaultShortcut.png</icon>
		<thumb>thumb</thumb>
		<action>addon.opensettings(plugin.video.themoviedb.helper)</action>
		</shortcut>
	<shortcut>
		<defaultID />
		<label>Umbrella Settings</label>
		<label2>Custom item</label2>
		<icon>DefaultShortcut.png</icon>
		<thumb />
		<action>addon.opensettings(plugin.video.umbrella)</action>
		</shortcut>
	<shortcut>
		<defaultID />
		<label>Fen Light Settings</label>
		<label2>Custom item</label2>
		<icon>DefaultShortcut.png</icon>
		<thumb />
		<action>addon.opensettings(plugin.video.fenlight)</action>
		</shortcut>
	<shortcut>
		<defaultID />
		<label>POV Settings</label>
		<label2>Custom item</label2>
		<icon>DefaultShortcut.png</icon>
		<thumb />
		<action>addon.opensettings(plugin.video.pov)</action>
		</shortcut>
	<shortcut>
		<defaultID />
		<label>Seren Settings</label>
		<label2>Custom item</label2>
		<icon>DefaultShortcut.png</icon>
		<thumb />
		<action>addon.opensettings(plugin.video.seren)</action>
		</shortcut>
	<shortcut>
		<defaultID>13200</defaultID>
		<label>13200</label>
		<label2>Common menu item</label2>
		<icon>UnknownUser.png</icon>
		<thumb />
		<action>ActivateWindow(Profiles)</action>
		</shortcut>
	<shortcut>
		<defaultID>10007</defaultID>
		<label>10007</label>
		<label2>Common menu item</label2>
		<icon>DefaultShortcut.png</icon>
		<thumb />
		<action>ActivateWindow(SystemInfo)</action>
		</shortcut>
	<shortcut>
		<defaultID>14111</defaultID>
		<label>14111</label>
		<label2>Common menu item</label2>
		<icon>UnknownUser.png</icon>
		<thumb />
		<action>ActivateWindow(EventLog,events://,return)</action>
		</shortcut>
	</shortcuts>
