<shortcuts>
	<shortcut>
		<defaultID>369</defaultID>
		<label>All TV Shows</label>
		<label2>Shows</label2>
		<icon>DefaultShortcut.png</icon>
		<thumb />
		<action>ActivateWindow(Videos,"plugin://plugin.video.themoviedb.helper/?info=dir_tv&amp;tmdb_type=None&amp;reload=$INFO[Window(Home).Property(TMDbHelper.Widgets.Reload)]",return)</action>
		<visible>!Library.HasContent(Movies) + !Library.HasContent(TVShows)</visible>
		</shortcut>
	<shortcut>
		<defaultID>135</defaultID>
		<label>135</label>
		<label2>Shows</label2>
		<icon>DefaultShortcut.png</icon>
		<thumb />
		<action>ActivateWindow(Videos,"plugin://plugin.video.themoviedb.helper/?info=genres&amp;tmdb_type=tv&amp;reload=$INFO[Window(Home).Property(TMDbHelper.Widgets.Reload)]",return)</action>
		<visible>!Library.HasContent(Movies) + !Library.HasContent(TVShows)</visible>
		</shortcut>
	</shortcuts>
