<shortcuts>
	<shortcut>
		<defaultID>b-setupiptvsimpleclient-b</defaultID>
		<label>[COLOR chartreuse]Install PVR TV Guide[/COLOR]</label>
		<label2>Favourite</label2>
		<icon>DefaultFolder.png</icon>
		<thumb>C:\Users\jeddi\AppData\Roaming\Kodi\addons\plugin.program.iptv.merge\icon.png</thumb>
		<action>ActivateWindow(10001,"plugin://plugin.program.iptv.merge/?_=setup",return)</action>
		</shortcut>
	<shortcut>
		<defaultID>22020</defaultID>
		<label>PVR TV Guide</label>
		<label2>Live TV</label2>
		<icon>DefaultTVShows.png</icon>
		<thumb />
		<action>ActivateWindow(TVGuide)</action>
		</shortcut>
	<shortcut>
		<defaultID>19019</defaultID>
		<label>PVR TV Channels</label>
		<label2>Live TV</label2>
		<icon>DefaultTVShows.png</icon>
		<thumb />
		<action>ActivateWindow(TVChannels)</action>
		</shortcut>
	<shortcut>
		<defaultID>script.ivueguide</defaultID>
		<label>Ivue TV Guide</label>
		<label2>Program</label2>
		<icon>DefaultAddon.png</icon>
		<thumb>thumb</thumb>
		<action>RunAddOn(script.ivueguide)</action>
		</shortcut>
	<shortcut>
		<defaultID>137</defaultID>
		<label>137</label>
		<label2>Live TV</label2>
		<icon>DefaultTVShows.png</icon>
		<thumb />
		<action>ActivateWindow(TVSearch)</action>
		</shortcut>
	<shortcut>
		<defaultID>colorchartreuse-livetvupdates-color</defaultID>
		<label>[COLOR chartreuse]Live TV Updater[/COLOR]</label>
		<label2>Favourite</label2>
		<icon>DefaultFolder.png</icon>
		<thumb>special://home/addons\plugin.program.quickfix\resources\icon.png</thumb>
		<action>ActivateWindow(10001,"plugin://plugin.program.quickfix/?description=Install%20a%20build.&amp;fanart=C%3a%5cUsers%5cjeddi%5cAppData%5cRoaming%5cKodi%5caddons%5cplugin.program.quickfix%5cresources%5cfanart.jpg&amp;icon=C%3a%5cUsers%5cjeddi%5cAppData%5cRoaming%5cKodi%5caddons%5cplugin.program.quickfix%5cresources%5cicon.png&amp;mode=1&amp;name=Click%20Here%20For%20Available%20Fixes&amp;name2&amp;url&amp;version",return)</action>
		</shortcut>
	</shortcuts>
