<shortcuts>
	<shortcut>
		<defaultID />
		<label>Search...</label>
		<label2>Custom item</label2>
		<icon>DefaultShortcut.png</icon>
		<thumb>thumb</thumb>
		<action>ActivateWindow(Videos,"plugin://plugin.video.umbrella/?action=tvSearch&amp;folderName=Search+Shows...",return)</action>
		</shortcut>
	<shortcut>
		<defaultID />
		<label>Genres</label>
		<label2>Custom item</label2>
		<icon>DefaultShortcut.png</icon>
		<thumb>thumb</thumb>
		<action>ActivateWindow(Videos,"plugin://plugin.video.umbrella/?action=tvGenres&amp;url=trakt_tvshow_genre&amp;folderName=Genres+%28Trakt%29",return)</action>
		</shortcut>
	<shortcut>
		<defaultID />
		<label>TV Networks</label>
		<label2>Custom item</label2>
		<icon>DefaultShortcut.png</icon>
		<thumb>thumb</thumb>
		<action>ActivateWindow(Videos,"plugin://plugin.video.umbrella/?action=tvNetworks&amp;folderName=Networks+%28TMDb%29",return)</action>
		</shortcut>
	<shortcut>
		<defaultID />
		<label>New TV Shows</label>
		<label2>Video Add-On</label2>
		<icon>DefaultShortcut.png</icon>
		<thumb>image://C%3a%5cUsers%5cjeddi%5cAppData%5cRoaming%5cKodi%5caddons%5cplugin.video.umbrella%5cresources%5cartwork%5cumbrella%5cnew-tvshows.png/</thumb>
		<action>ActivateWindow(Videos,"plugin://plugin.video.umbrella/?action=tvshows&amp;url=premiere&amp;folderName=New+TV+Shows+%28IMDb%29",return)</action>
		</shortcut>
	<shortcut>
		<defaultID />
		<label>Year (TMDb)</label>
		<label2>Video Add-On</label2>
		<icon>DefaultShortcut.png</icon>
		<thumb>image://C%3a%5cUsers%5cjeddi%5cAppData%5cRoaming%5cKodi%5caddons%5cplugin.video.umbrella%5cresources%5cartwork%5cumbrella%5cyears.png/</thumb>
		<action>ActivateWindow(Videos,"plugin://plugin.video.umbrella/?action=tvYears&amp;url=tmdb_year&amp;folderName=Year+%28TMDb%29",return)</action>
		</shortcut>
	<shortcut>
		<defaultID />
		<label>Trakt Popular Lists</label>
		<label2>Video Add-On</label2>
		<icon>DefaultShortcut.png</icon>
		<thumb>image://C%3a%5cUsers%5cjeddi%5cAppData%5cRoaming%5cKodi%5caddons%5cplugin.video.umbrella%5cresources%5cartwork%5cumbrella%5ctvshows.png/</thumb>
		<action>ActivateWindow(Videos,"plugin://plugin.video.umbrella/?action=tv_PublicLists&amp;url=trakt_popularLists&amp;folderName=Trakt+Popular+Lists",return)</action>
		</shortcut>
	<shortcut>
		<defaultID />
		<label>Originals (TMDb)</label>
		<label2>Video Add-On</label2>
		<icon>DefaultShortcut.png</icon>
		<thumb>image://C%3a%5cUsers%5cjeddi%5cAppData%5cRoaming%5cKodi%5caddons%5cplugin.video.umbrella%5cresources%5cartwork%5cumbrella%5cnetworks.png/</thumb>
		<action>ActivateWindow(Videos,"plugin://plugin.video.umbrella/?action=tvOriginals&amp;folderName=Originals+%28TMDb%29",return)</action>
		</shortcut>
	<shortcut>
		<defaultID />
		<label>Dolby Vision TV</label>
		<label2>Video Add-On</label2>
		<icon>DefaultShortcut.png</icon>
		<thumb>image://special%3a%2f%2fhome%2faddons%2fresource.images.skinicons.wide%2fresources%2ficons%2fdolby.png/</thumb>
		<action>ActivateWindow(Videos,"plugin://plugin.program.super.favourites/?label=Dolby+Vision+TV&amp;mode=400&amp;path=special%3A%2F%2Fprofile%2Faddon_data%2Fplugin.program.super.favourites%2FSuper+Favourites%5CDolby+Vision+TV&amp;image=special%3A%2F%2Fhome%2Faddons%2Fresource.images.skinicons.wide%2Fresources%2Ficons%2Fdolby.png&amp;fanart=C%3A%5CUsers%5Cjeddi%5CAppData%5CRoaming%5CKodi%5Caddons%5Cplugin.program.super.favourites%5Cfanart.jpg&amp;content_type=",return)</action>
		</shortcut>
	<shortcut>
		<defaultID />
		<label>TV Boxsets</label>
		<label2>Video Add-On</label2>
		<icon>DefaultShortcut.png</icon>
		<thumb>image://special%3a%2f%2fhome%2faddons%2fresource.images.skinicons.wide%2fresources%2ficons%2fboxsets.png/</thumb>
		<action>ActivateWindow(Videos,"plugin://plugin.program.super.favourites/?label=TV+Boxsets&amp;mode=400&amp;path=special%3A%2F%2Fprofile%2Faddon_data%2Fplugin.program.super.favourites%2FSuper+Favourites%5CBoxsets%5CTV+Boxsets&amp;image=special%3A%2F%2Fhome%2Faddons%2Fresource.images.skinicons.wide%2Fresources%2Ficons%2Fboxsets.png&amp;fanart=https%3A%2F%2Fdjaythemes.xyz%2FPatriot%2Ficons%2Ffanart.jpg&amp;content_type=",return)</action>
		</shortcut>
	<shortcut>
		<defaultID />
		<label>1 Click TV</label>
		<label2>Video Add-On</label2>
		<icon>DefaultShortcut.png</icon>
		<thumb>image://special%3a%2f%2fhome%2faddons%2fresource.images.skinicons.wide%2fresources%2ficons%2f1CLICK.png/</thumb>
		<action>ActivateWindow(Videos,"plugin://plugin.program.super.favourites/?label=1+Click+TV&amp;mode=400&amp;path=special%3A%2F%2Fprofile%2Faddon_data%2Fplugin.program.super.favourites%2FSuper+Favourites%5C1+Clicks%5C1+Click+TV&amp;image=special%3A%2F%2Fhome%2Faddons%2Fresource.images.skinicons.wide%2Fresources%2Ficons%2F1CLICK.png&amp;fanart=https%3A%2F%2Fmylostsoulspace.co.uk%2Fimages%2Fasg%2Ffanart.jpg&amp;content_type=",return)</action>
		</shortcut>
	</shortcuts>
