<shortcuts>
	<shortcut>
		<defaultID />
		<label>Watchlist</label>
		<label2>Custom item</label2>
		<icon>DefaultShortcut.png</icon>
		<thumb>thumb</thumb>
		<action>ActivateWindow(Videos,"plugin://plugin.video.umbrella/?action=movies&amp;url=traktwatchlist&amp;folderName=Trakt+Watchlist",return)</action>
		</shortcut>
	<shortcut>
		<defaultID />
		<label>Collection</label>
		<label2>Custom item</label2>
		<icon>DefaultShortcut.png</icon>
		<thumb>thumb</thumb>
		<action>ActivateWindow(Videos,"plugin://plugin.video.umbrella/?action=movies&amp;url=traktcollection&amp;folderName=Collection",return)</action>
		</shortcut>
	<shortcut>
		<defaultID />
		<label>Recently Watched</label>
		<label2>Custom item</label2>
		<icon>DefaultShortcut.png</icon>
		<thumb>thumb</thumb>
		<action>ActivateWindow(Videos,"plugin://plugin.video.umbrella/?action=movies&amp;url=trakthistory&amp;folderName=History",return)</action>
		</shortcut>
	<shortcut>
		<defaultID />
		<label>Recommended (Trakt)</label>
		<label2>Video Add-On</label2>
		<icon>DefaultShortcut.png</icon>
		<thumb>image://C%3a%5cUsers%5cjeddi%5cAppData%5cRoaming%5cKodi%5caddons%5cplugin.video.umbrella%5cresources%5cartwork%5cumbrella%5chighly-rated.png/</thumb>
		<action>ActivateWindow(Videos,"plugin://plugin.video.umbrella/?action=movies&amp;url=traktrecommendations&amp;folderName=Recommended+%28Trakt%29",return)</action>
		</shortcut>
	<shortcut>
		<defaultID />
		<label>Similar to Recently Watched (Trakt)</label>
		<label2>Video Add-On</label2>
		<icon>DefaultShortcut.png</icon>
		<thumb>image://C%3a%5cUsers%5cjeddi%5cAppData%5cRoaming%5cKodi%5caddons%5cplugin.video.umbrella%5cresources%5cartwork%5cumbrella%5cyears.png/</thumb>
		<action>ActivateWindow(Videos,"plugin://plugin.video.umbrella/?action=movies&amp;url=traktbasedonsimilar&amp;folderName=Similar+to+Recently+Watched+%28Trakt%29",return)</action>
		</shortcut>
	<shortcut>
		<defaultID />
		<label>Search Lists</label>
		<label2>Video Add-On</label2>
		<icon>DefaultShortcut.png</icon>
		<thumb>thumb</thumb>
		<action>ActivateWindow(Videos,"plugin://plugin.video.themoviedb.helper/?info=trakt_searchlists&amp;tmdb_type=both&amp;widget=true&amp;reload=$INFO[Window(Home).Property(TMDbHelper.Widgets.Reload)]&amp;reload=$INFO[Window(Home).Property(TMDbHelper.Widgets.Reload)]",return)</action>
		</shortcut>
	<shortcut>
		<defaultID />
		<label>Your Lists</label>
		<label2>Custom item</label2>
		<icon>DefaultShortcut.png</icon>
		<thumb>thumb</thumb>
		<action>ActivateWindow(Videos,"plugin://plugin.video.umbrella/?action=movieUserlists&amp;folderName=Movie+Lists",return)</action>
		</shortcut>
	<shortcut>
		<defaultID />
		<label>Liked Lists</label>
		<label2>Custom item</label2>
		<icon>DefaultShortcut.png</icon>
		<thumb>thumb</thumb>
		<action>ActivateWindow(Videos,"plugin://plugin.video.umbrella/?action=movies_LikedLists&amp;folderName=My Liked Lists",return)</action>
		</shortcut>
	<shortcut>
		<defaultID />
		<label>Trakt Manager</label>
		<label2>Video Add-On</label2>
		<icon>DefaultShortcut.png</icon>
		<thumb>image://C%3a%5cUsers%5cjeddi%5cAppData%5cRoaming%5cKodi%5caddons%5cplugin.video.umbrella%5cresources%5cartwork%5cumbrella%5ctools.png/</thumb>
		<action>ActivateWindow(Videos,"plugin://plugin.video.umbrella/?action=tools_traktToolsNavigator&amp;folderName=Trakt+Management+Tools",return)</action>
		</shortcut>
	</shortcuts>
