<shortcuts>
	<shortcut>
		<defaultID />
		<label>Latest TV Shows</label>
		<label2>Video Add-On</label2>
		<icon>DefaultShortcut.png</icon>
		<thumb>special://home/addons/resource.images.skinicons.wide/resources/icons/newreleases.png</thumb>
		<action>ActivateWindow(Videos,"plugin://plugin.video.themoviedb.helper/?list_name=Latest+TV+Shows&amp;list_slug=latest-tv-shows&amp;user_slug=garycrawfordgc&amp;plugin_category=Latest+TV+Shows&amp;tmdb_id=None&amp;info=trakt_userlist&amp;sort_by=added&amp;sort_how=desc&amp;widget=true&amp;reload=$INFO[Window(Home).Property(TMDbHelper.Widgets.Reload)]&amp;reload=$INFO[Window(Home).Property(TMDbHelper.Widgets.Reload)]",return)</action>
		</shortcut>
	<shortcut>
		<defaultID />
		<label>FEN Light TV</label>
		<label2>Video Add-On</label2>
		<icon>DefaultShortcut.png</icon>
		<thumb>special://home/addons/resource.images.skinicons.wide/resources/icons/fenlight.png</thumb>
		<action>ActivateWindow(Videos,"plugin://plugin.video.fenlight/?name=32029&amp;iconImage=tv&amp;mode=navigator.main&amp;action=TVShowList",return)</action>
		</shortcut>
	<shortcut>
		<defaultID />
		<label>TV Show Portal</label>
		<label2>Custom item</label2>
		<icon>DefaultShortcut.png</icon>
		<thumb>special://home/addons/resource.images.skinicons.wide/resources/icons/warp.gif</thumb>
		<action>RunScript(script.extendedinfo,info=alltvshows)</action>
		</shortcut>
	<shortcut>
		<defaultID />
		<label>TV Providers</label>
		<label2>Video Add-On</label2>
		<icon>DefaultShortcut.png</icon>
		<thumb>special://home/addons/resource.images.skinicons.wide/resources/icons/providers.gif</thumb>
		<action>ActivateWindow(Videos,"plugin://plugin.video.themoviedb.helper/?info=watch_providers&amp;tmdb_type=tv&amp;widget=true&amp;reload=$INFO[Window(Home).Property(TMDbHelper.Widgets.Reload)]&amp;reload=$INFO[Window(Home).Property(TMDbHelper.Widgets.Reload)]",return)</action>
		</shortcut>
	<shortcut>
		<defaultID />
		<label>Seren TV</label>
		<label2>Video Add-On</label2>
		<icon>DefaultShortcut.png</icon>
		<thumb>special://home/addons/resource.images.skinicons.wide/resources/icons/seren.jpg</thumb>
		<action>ActivateWindow(Videos,"plugin://plugin.video.seren/?action=showsHome",return)</action>
		</shortcut>
	<shortcut>
		<defaultID />
		<label>Umbrella TV</label>
		<label2>Video Add-On</label2>
		<icon>DefaultShortcut.png</icon>
		<thumb>special://home/addons/resource.images.skinicons.wide/resources/icons/umbrella.png</thumb>
		<action>ActivateWindow(Videos,"plugin://plugin.video.umbrella/?action=tvNavigator&amp;folderName=Discover+TV+Shows",return)</action>
		</shortcut>
	<shortcut>
		<defaultID />
		<label>The Coalition TV</label>
		<label2>Video Add-On</label2>
		<icon>DefaultShortcut.png</icon>
		<thumb>special://home/addons/resource.images.skinicons.wide/resources/icons/coalition.png</thumb>
		<action>ActivateWindow(Videos,"plugin://plugin.video.coalition/?name=32029&amp;iconImage=tv.png&amp;mode=navigator.main&amp;action=TVShowList",return)</action>
		<disabled>True</disabled>
		</shortcut>
	<shortcut>
		<defaultID />
		<label>POV TV</label>
		<label2>Video Add-On</label2>
		<icon>DefaultShortcut.png</icon>
		<thumb>special://home/addons/resource.images.skinicons.wide/resources/icons/pov.png</thumb>
		<action>ActivateWindow(Videos,"plugin://plugin.video.pov/?name=32029&amp;iconImage=tv.png&amp;mode=navigator.main&amp;action=TVShowList",return)</action>
		</shortcut>
	<shortcut>
		<defaultID>plugin.video.thechains</defaultID>
		<label>Chain Reaction</label>
		<label2>Video Add-On</label2>
		<icon>DefaultShortcut.png</icon>
		<thumb>special://home/addons/resource.images.skinicons.wide/resources/icons/chains.png</thumb>
		<action>ActivateWindow(Videos,"plugin://plugin.video.thechains",return)</action>
		</shortcut>
	<shortcut>
		<defaultID />
		<label>The Crew TV</label>
		<label2>Video Add-On</label2>
		<icon>DefaultShortcut.png</icon>
		<thumb>special://home/addons/resource.images.skinicons.wide/resources/icons/crew.png</thumb>
		<action>ActivateWindow(Videos,"plugin://plugin.video.thecrew/?action=tvNavigator",return)</action>
		</shortcut>
	<shortcut>
		<defaultID>plugin.video.asgard</defaultID>
		<label>Asgard</label>
		<label2>Video Add-On</label2>
		<icon>DefaultShortcut.png</icon>
		<thumb>special://home/addons/resource.images.skinicons.wide/resources/icons/asgard.png</thumb>
		<action>ActivateWindow(Videos,"plugin://plugin.video.asgard",return)</action>
		<disabled>True</disabled>
		</shortcut>
	<shortcut>
		<defaultID />
		<label>Retrowave TV</label>
		<label2>Video Add-On</label2>
		<icon>DefaultShortcut.png</icon>
		<thumb>special://home/addons/resource.images.skinicons.wide/resources/icons/retrowave.png</thumb>
		<action>ActivateWindow(Videos,"plugin://plugin.video.thechains/?mode=189&amp;iconimage=https%3A%2F%2Fi.imgur.com%2FnwFzxuG.png&amp;fanart=https%3A%2F%2Fi.imgur.com%2FYou08W5.png&amp;description=+&amp;url=http%3A%2F%2Fthechains24.com%2Fbroken%2520chains%2FRETROWAVE%2FTV%2520VAULT%2520MAIN.txt&amp;name=TV+Shows&amp;image_master=&amp;heb_name=+&amp;last_id=&amp;dates=+&amp;data=&amp;original_title=TV+Shows&amp;id=&amp;season=+&amp;episode=+&amp;tmdbid=+&amp;eng_name=+&amp;show_original_year=+&amp;isr=0&amp;fav_status=false&amp;all_w=%7B%7D&amp;search_db=&amp;mypass=&amp;iconimage=https%3A%2F%2Fi.imgur.com%2FnwFzxuG.png&amp;fanart=https%3A%2F%2Fi.imgur.com%2FYou08W5.png&amp;description=+&amp;url=http%3A%2F%2Fthechains24.com%2Fbroken%2520chains%2FRETROWAVE%2FTV%2520VAULT%2520MAIN.txt&amp;name=TV+Shows&amp;image_master=&amp;heb_name=+&amp;last_id=&amp;dates=+&amp;data=&amp;original_title=TV+Shows&amp;id=&amp;season=+&amp;episode=+&amp;tmdbid=+&amp;eng_name=+&amp;show_original_year=+&amp;fav_status=false&amp;all_w=%7B%7D&amp;search_db=&amp;mypass=&amp;video_data=%7B%22title%22%3A+%22TV+Shows%22%2C+%22mediatype%22%3A+%22movie%22%2C+%22TVshowtitle%22%3A+%22%22%2C+%22season%22%3A+0%2C+%22episode%22%3A+0%2C+%22OriginalTitle%22%3A+%22TV+Shows%22%2C+%22year%22%3A+%22%22%2C+%22rating%22%3A+%220%22%2C+%22plot%22%3A+%22+%22%2C+%22Tag%22%3A+%22189%22%2C+%22trailer%22%3A+%22%22%2C+%22id%22%3A+%22%22%7D&amp;video_data=%7B%22title%22%3A+%22TV+Shows%22%2C+%22mediatype%22%3A+%22movie%22%2C+%22TVshowtitle%22%3A+%22%22%2C+%22season%22%3A+0%2C+%22episode%22%3A+0%2C+%22OriginalTitle%22%3A+%22TV+Shows%22%2C+%22year%22%3A+%22%22%2C+%22rating%22%3A+%220%22%2C+%22plot%22%3A+%22+%22%2C+%22Tag%22%3A+%22189%22%2C+%22trailer%22%3A+%22%22%2C+%22id%22%3A+%22%22%7D",return)</action>
		<disabled>True</disabled>
		</shortcut>
	<shortcut>
		<defaultID />
		<label>Terror Shows</label>
		<label2>Video Add-On</label2>
		<icon>DefaultShortcut.png</icon>
		<thumb>special://home/addons/resource.images.skinicons.wide/resources/icons/houseofhorrors.png</thumb>
		<action>ActivateWindow(Videos,"plugin://plugin.video.thechains/?mode=192&amp;iconimage=https%3A%2F%2Fi.imgur.com%2Fey6WU4w.png&amp;fanart=https%3A%2F%2Fi.imgur.com%2FlGhRAk2.jpg&amp;description=Terror+Shows&amp;url=http%3A%2F%2Fapi.themoviedb.org%2F3%2Flist%2F7104139%3Fapi_key%3D74f3ce931d65ebda1f77ef24eac2625f%26language%3Den%26page%3D1&amp;name=Terror+Shows&amp;image_master=&amp;heb_name=+&amp;last_id=&amp;dates=+&amp;data=+&amp;original_title=+&amp;id=7104139&amp;season=+&amp;episode=+&amp;tmdbid=+&amp;eng_name=+&amp;show_original_year=+&amp;isr=0&amp;fav_status=false&amp;all_w=%7B%7D&amp;search_db=&amp;mypass=&amp;iconimage=https%3A%2F%2Fi.imgur.com%2Fey6WU4w.png&amp;fanart=https%3A%2F%2Fi.imgur.com%2FlGhRAk2.jpg&amp;description=Terror+Shows&amp;url=http%3A%2F%2Fapi.themoviedb.org%2F3%2Flist%2F7104139%3Fapi_key%3D74f3ce931d65ebda1f77ef24eac2625f%26language%3Den%26page%3D1&amp;name=Terror+Shows&amp;image_master=&amp;heb_name=+&amp;last_id=&amp;dates=+&amp;data=+&amp;original_title=+&amp;id=7104139&amp;season=+&amp;episode=+&amp;tmdbid=+&amp;eng_name=+&amp;show_original_year=+&amp;fav_status=false&amp;all_w=%7B%7D&amp;search_db=&amp;mypass=&amp;video_data=%7B%22title%22%3A+%22Terror+Shows%22%2C+%22mediatype%22%3A+%22movie%22%2C+%22TVshowtitle%22%3A+%22%22%2C+%22season%22%3A+0%2C+%22episode%22%3A+0%2C+%22OriginalTitle%22%3A+%22+%22%2C+%22rating%22%3A+%220%22%2C+%22plot%22%3A+%22Terror+Shows%22%2C+%22Tag%22%3A+%22189%22%2C+%22id%22%3A+%227104139%22%7D&amp;video_data=%7B%22title%22%3A+%22Terror+Shows%22%2C+%22mediatype%22%3A+%22movie%22%2C+%22TVshowtitle%22%3A+%22%22%2C+%22season%22%3A+0%2C+%22episode%22%3A+0%2C+%22OriginalTitle%22%3A+%22+%22%2C+%22rating%22%3A+%220%22%2C+%22plot%22%3A+%22Terror+Shows%22%2C+%22Tag%22%3A+%22189%22%2C+%22id%22%3A+%227104139%22%7D",return)</action>
		<disabled>True</disabled>
		</shortcut>
	<shortcut>
		<defaultID />
		<label>Chain Reaction TV</label>
		<label2>Video Add-On</label2>
		<icon>DefaultShortcut.png</icon>
		<thumb>special://home/addons/resource.images.skinicons.wide/resources/icons/chains.png</thumb>
		<action>ActivateWindow(Videos,"plugin://plugin.video.thechains/?mode=189&amp;iconimage=https%3A%2F%2Fi.imgur.com%2FeaXRTPj.png&amp;fanart=https%3A%2F%2Fi.imgur.com%2FQKsH9Ps.jpeg&amp;description=+&amp;url=https%3A%2F%2Fthechains24.com%2Fbroken%2520chains%2FTV%2520SHOWS%2Ftv%2520shows%2520mainmenu.txt&amp;name=Tv+Shows&amp;image_master=&amp;heb_name=+&amp;last_id=&amp;dates=+&amp;data=&amp;original_title=Tv+Shows&amp;id=&amp;season=+&amp;episode=+&amp;tmdbid=+&amp;eng_name=+&amp;show_original_year=+&amp;isr=0&amp;fav_status=false&amp;all_w=%7B%7D&amp;search_db=&amp;mypass=&amp;iconimage=https%3A%2F%2Fi.imgur.com%2FeaXRTPj.png&amp;fanart=https%3A%2F%2Fi.imgur.com%2FQKsH9Ps.jpeg&amp;description=+&amp;url=https%3A%2F%2Fthechains24.com%2Fbroken%2520chains%2FTV%2520SHOWS%2Ftv%2520shows%2520mainmenu.txt&amp;name=Tv+Shows&amp;image_master=&amp;heb_name=+&amp;last_id=&amp;dates=+&amp;data=&amp;original_title=Tv+Shows&amp;id=&amp;season=+&amp;episode=+&amp;tmdbid=+&amp;eng_name=+&amp;show_original_year=+&amp;fav_status=false&amp;all_w=%7B%7D&amp;search_db=&amp;mypass=&amp;video_data=%7B%22title%22%3A+%22Tv+Shows%22%2C+%22mediatype%22%3A+%22movie%22%2C+%22TVshowtitle%22%3A+%22%22%2C+%22season%22%3A+0%2C+%22episode%22%3A+0%2C+%22OriginalTitle%22%3A+%22Tv+Shows%22%2C+%22year%22%3A+%22%22%2C+%22rating%22%3A+%220%22%2C+%22plot%22%3A+%22+%22%2C+%22Tag%22%3A+%22189%22%2C+%22trailer%22%3A+%22%22%2C+%22id%22%3A+%22%22%7D&amp;video_data=%7B%22title%22%3A+%22Tv+Shows%22%2C+%22mediatype%22%3A+%22movie%22%2C+%22TVshowtitle%22%3A+%22%22%2C+%22season%22%3A+0%2C+%22episode%22%3A+0%2C+%22OriginalTitle%22%3A+%22Tv+Shows%22%2C+%22year%22%3A+%22%22%2C+%22rating%22%3A+%220%22%2C+%22plot%22%3A+%22+%22%2C+%22Tag%22%3A+%22189%22%2C+%22trailer%22%3A+%22%22%2C+%22id%22%3A+%22%22%7D",return)</action>
		<disabled>True</disabled>
		</shortcut>
	<shortcut>
		<defaultID />
		<label>Crimewave Shows</label>
		<label2>Video Add-On</label2>
		<icon>DefaultShortcut.png</icon>
		<thumb>special://home/addons/resource.images.skinicons.wide/resources/icons/crimewave.png</thumb>
		<action>ActivateWindow(Videos,"plugin://plugin.video.thechains/?mode=14&amp;iconimage=https%3A%2F%2Fi.imgur.com%2FWAbCbAb.png&amp;fanart=https%3A%2F%2Fi.imgur.com%2FBZCDpx8.jpg&amp;description=Crime+Shows&amp;url=http%3A%2F%2Fapi.themoviedb.org%2F3%2Fdiscover%2Ftv%3Fapi_key%3D74f3ce931d65ebda1f77ef24eac2625f%26sort_by%3Dpopularity.desc%26with_genres%3D80%26language%3Den%26page%3D1&amp;name=Crime+Shows&amp;image_master=&amp;heb_name=+&amp;last_id=&amp;dates=+&amp;data=+&amp;original_title=+&amp;id=&amp;season=+&amp;episode=+&amp;tmdbid=+&amp;eng_name=+&amp;show_original_year=+&amp;isr=0&amp;fav_status=false&amp;all_w=%7B%7D&amp;search_db=&amp;mypass=&amp;iconimage=https%3A%2F%2Fi.imgur.com%2FWAbCbAb.png&amp;fanart=https%3A%2F%2Fi.imgur.com%2FBZCDpx8.jpg&amp;description=Crime+Shows&amp;url=http%3A%2F%2Fapi.themoviedb.org%2F3%2Fdiscover%2Ftv%3Fapi_key%3D74f3ce931d65ebda1f77ef24eac2625f%26sort_by%3Dpopularity.desc%26with_genres%3D80%26language%3Den%26page%3D1&amp;name=Crime+Shows&amp;image_master=&amp;heb_name=+&amp;last_id=&amp;dates=+&amp;data=+&amp;original_title=+&amp;id=&amp;season=+&amp;episode=+&amp;tmdbid=+&amp;eng_name=+&amp;show_original_year=+&amp;fav_status=false&amp;all_w=%7B%7D&amp;search_db=&amp;mypass=&amp;video_data=%7B%22title%22%3A+%22Crime+Shows%22%2C+%22mediatype%22%3A+%22movie%22%2C+%22TVshowtitle%22%3A+%22%22%2C+%22season%22%3A+0%2C+%22episode%22%3A+0%2C+%22OriginalTitle%22%3A+%22+%22%2C+%22rating%22%3A+%220%22%2C+%22plot%22%3A+%22Crime+Shows%22%2C+%22Tag%22%3A+%22189%22%2C+%22id%22%3A+%22%22%7D&amp;video_data=%7B%22title%22%3A+%22Crime+Shows%22%2C+%22mediatype%22%3A+%22movie%22%2C+%22TVshowtitle%22%3A+%22%22%2C+%22season%22%3A+0%2C+%22episode%22%3A+0%2C+%22OriginalTitle%22%3A+%22+%22%2C+%22rating%22%3A+%220%22%2C+%22plot%22%3A+%22Crime+Shows%22%2C+%22Tag%22%3A+%22189%22%2C+%22id%22%3A+%22%22%7D",return)</action>
		<disabled>True</disabled>
		</shortcut>
	<shortcut>
		<defaultID />
		<label>Science Fiction</label>
		<label2>Video Add-On</label2>
		<icon>DefaultShortcut.png</icon>
		<thumb>special://home/addons/resource.images.skinicons.wide/resources/icons/scifi.png</thumb>
		<action>ActivateWindow(Videos,"plugin://plugin.video.thechains/?mode=189&amp;iconimage=https%3A%2F%2Fi.imgur.com%2FSYAg8Ng.png&amp;fanart=https%3A%2F%2Fi.imgur.com%2FXJ544S7.png&amp;description=Science+Fiction&amp;url=http%3A%2F%2Fthechains24.com%2FSCIENCE%2520FICTION%2FMAIN%2520DIR.txt&amp;name=Science+Fiction&amp;image_master=&amp;heb_name=+&amp;last_id=&amp;dates=+&amp;data=+&amp;original_title=+&amp;id=+&amp;season=+&amp;episode=+&amp;tmdbid=+&amp;eng_name=+&amp;show_original_year=+&amp;isr=0&amp;fav_status=false&amp;all_w=%7B%7D&amp;search_db=&amp;mypass=&amp;iconimage=https%3A%2F%2Fi.imgur.com%2FSYAg8Ng.png&amp;fanart=https%3A%2F%2Fi.imgur.com%2FXJ544S7.png&amp;description=Science+Fiction&amp;url=http%3A%2F%2Fthechains24.com%2FSCIENCE%2520FICTION%2FMAIN%2520DIR.txt&amp;name=Science+Fiction&amp;image_master=&amp;heb_name=+&amp;last_id=&amp;dates=+&amp;data=+&amp;original_title=+&amp;id=+&amp;season=+&amp;episode=+&amp;tmdbid=+&amp;eng_name=+&amp;show_original_year=+&amp;fav_status=false&amp;all_w=%7B%7D&amp;search_db=&amp;mypass=&amp;video_data=%7B%22title%22%3A+%22Science+Fiction%22%2C+%22mediatype%22%3A+%22movie%22%2C+%22TVshowtitle%22%3A+%22%22%2C+%22season%22%3A+0%2C+%22episode%22%3A+0%2C+%22OriginalTitle%22%3A+%22+%22%2C+%22rating%22%3A+%220%22%2C+%22plot%22%3A+%22Science+Fiction%22%2C+%22Tag%22%3A+%22None%22%2C+%22id%22%3A+%22+%22%7D&amp;video_data=%7B%22title%22%3A+%22Science+Fiction%22%2C+%22mediatype%22%3A+%22movie%22%2C+%22TVshowtitle%22%3A+%22%22%2C+%22season%22%3A+0%2C+%22episode%22%3A+0%2C+%22OriginalTitle%22%3A+%22+%22%2C+%22rating%22%3A+%220%22%2C+%22plot%22%3A+%22Science+Fiction%22%2C+%22Tag%22%3A+%22None%22%2C+%22id%22%3A+%22+%22%7D",return)</action>
		<disabled>True</disabled>
		</shortcut>
	<shortcut>
		<defaultID>plugin.video.scifi</defaultID>
		<label>For Love Of Sci Fi</label>
		<label2>Video Add-On</label2>
		<icon>DefaultShortcut.png</icon>
		<thumb>special://home/addons/resource.images.skinicons.wide/resources/icons/ftloscifi.png</thumb>
		<action>ActivateWindow(Videos,"plugin://plugin.video.scifi",return)</action>
		<disabled>True</disabled>
		</shortcut>
	<shortcut>
		<defaultID />
		<label>Pluto TV</label>
		<label2>Video Add-On</label2>
		<icon>DefaultShortcut.png</icon>
		<thumb>special://home/addons/resource.images.skinicons.wide/resources/icons/pluto.png</thumb>
		<action>ActivateWindow(Videos,"plugin://slyguy.pluto.tv.provider/?_=live_tv&amp;code=us",return)</action>
		</shortcut>
	<shortcut>
		<defaultID />
		<label>Crackle TV</label>
		<label2>Video Add-On</label2>
		<icon>DefaultShortcut.png</icon>
		<thumb>special://home/addons/resource.images.skinicons.wide/resources/icons/crackle.png</thumb>
		<action>ActivateWindow(Videos,"plugin://plugin.video.crackle/?id=shows&amp;mode=99",return)</action>
		</shortcut>
	<shortcut>
		<defaultID>plugin.video.tubitv</defaultID>
		<label>TubiTV</label>
		<label2>Video Add-On</label2>
		<icon>DefaultShortcut.png</icon>
		<thumb>special://home/addons/resource.images.skinicons.wide/resources/icons/tubi.png</thumb>
		<action>ActivateWindow(Videos,"plugin://plugin.video.tubitv",return)</action>
		</shortcut>
	<shortcut>
		<defaultID>slyguy.curiositystream</defaultID>
		<label>CuriosityStream</label>
		<label2>Video Add-On</label2>
		<icon>DefaultShortcut.png</icon>
		<thumb>special://home/addons/resource.images.skinicons.wide/resources/icons/curiosity.png</thumb>
		<action>ActivateWindow(Videos,"plugin://slyguy.curiositystream",return)</action>
		</shortcut>
	<shortcut>
		<defaultID />
		<label>Samsung TV</label>
		<label2>Video Add-On</label2>
		<icon>DefaultShortcut.png</icon>
		<thumb>special://home/addons/resource.images.skinicons.wide/resources/icons/samsungtv.png</thumb>
		<action>ActivateWindow(Videos,"plugin://slyguy.samsung.tv.plus/?_=live_tv&amp;code=us",return)</action>
		</shortcut>
	</shortcuts>
