<shortcuts>
	<shortcut>
		<defaultID />
		<label>TMDBH TV</label>
		<label2>Video Add-On</label2>
		<icon>DefaultShortcut.png</icon>
		<thumb>special://home/addons/resource.images.skinicons.wide/resources/icons/tmdbh.png</thumb>
		<action>ActivateWindow(Videos,"plugin://plugin.video.themoviedb.helper/?info=dir_tv&amp;tmdb_type=None&amp;widget=true&amp;reload=$INFO[Window(Home).Property(TMDbHelper.Widgets.Reload)]&amp;reload=$INFO[Window(Home).Property(TMDbHelper.Widgets.Reload)]",return)</action>
		</shortcut>
	<shortcut>
		<defaultID />
		<label>Latest TV Shows</label>
		<label2>Video Add-On</label2>
		<icon>DefaultShortcut.png</icon>
		<thumb>special://home/addons/resource.images.skinicons.wide/resources/icons/newreleases.png</thumb>
		<action>ActivateWindow(Videos,"plugin://plugin.video.themoviedb.helper/?list_name=Latest+TV+Shows&amp;list_slug=latest-tv-shows&amp;user_slug=garycrawfordgc&amp;plugin_category=Latest+TV+Shows&amp;tmdb_id=None&amp;info=trakt_userlist&amp;sort_by=added&amp;sort_how=desc&amp;widget=true&amp;reload=$INFO[Window(Home).Property(TMDbHelper.Widgets.Reload)]&amp;reload=$INFO[Window(Home).Property(TMDbHelper.Widgets.Reload)]",return)</action>
		</shortcut>
	<shortcut>
		<defaultID />
		<label>TV Show Portal</label>
		<label2>Custom item</label2>
		<icon>DefaultShortcut.png</icon>
		<thumb>special://home/addons/resource.images.skinicons.wide/resources/icons/warp.gif</thumb>
		<action>RunScript(script.extendedinfo,info=alltvshows)</action>
		</shortcut>
	<shortcut>
		<defaultID />
		<label>FEN Light TV</label>
		<label2>Video Add-On</label2>
		<icon>DefaultShortcut.png</icon>
		<thumb>special://home/addons/resource.images.skinicons.wide/resources/icons/fenlight.png</thumb>
		<action>ActivateWindow(Videos,"plugin://plugin.video.fenlight/?name=32029&amp;iconImage=tv&amp;mode=navigator.main&amp;action=TVShowList",return)</action>
		</shortcut>
	<shortcut>
		<defaultID />
		<label>Umbrella TV</label>
		<label2>Video Add-On</label2>
		<icon>DefaultShortcut.png</icon>
		<thumb>special://home/addons/resource.images.skinicons.wide/resources/icons/umbrella.png</thumb>
		<action>ActivateWindow(Videos,"plugin://plugin.video.umbrella/?action=tvNavigator&amp;folderName=Discover+TV+Shows",return)</action>
		</shortcut>
	<shortcut>
		<defaultID />
		<label>POV TV</label>
		<label2>Video Add-On</label2>
		<icon>DefaultShortcut.png</icon>
		<thumb>special://home/addons/resource.images.skinicons.wide/resources/icons/pov.png</thumb>
		<action>ActivateWindow(Videos,"plugin://plugin.video.pov/?name=32029&amp;iconImage=tv.png&amp;mode=navigator.main&amp;action=TVShowList",return)</action>
		</shortcut>
	<shortcut>
		<defaultID />
		<label>Seren TV</label>
		<label2>Video Add-On</label2>
		<icon>DefaultShortcut.png</icon>
		<thumb>special://home/addons/resource.images.skinicons.wide/resources/icons/seren.jpg</thumb>
		<action>ActivateWindow(Videos,"plugin://plugin.video.seren/?action=showsHome",return)</action>
		</shortcut>
	<shortcut>
		<defaultID />
		<label>Dradis TV Shows</label>
		<label2>Video Add-On</label2>
		<icon>DefaultShortcut.png</icon>
		<thumb>special://home/addons/resource.images.skinicons.wide/resources/icons/dradis.png</thumb>
		<action>ActivateWindow(Videos,"plugin://plugin.video.dradis/?action=tvNavigator",return)</action>
		</shortcut>
	<shortcut>
		<defaultID />
		<label>The Crew TV</label>
		<label2>Video Add-On</label2>
		<icon>DefaultShortcut.png</icon>
		<thumb>special://home/addons/resource.images.skinicons.wide/resources/icons/crew.png</thumb>
		<action>ActivateWindow(Videos,"plugin://plugin.video.thecrew/?action=tvNavigator",return)</action>
		</shortcut>
	<shortcut>
		<defaultID />
		<label>Pluto TV</label>
		<label2>Video Add-On</label2>
		<icon>DefaultShortcut.png</icon>
		<thumb>special://home/addons/resource.images.skinicons.wide/resources/icons/pluto.png</thumb>
		<action>ActivateWindow(Videos,"plugin://slyguy.pluto.tv.provider/?_=live_tv&amp;code=us",return)</action>
		</shortcut>
	<shortcut>
		<defaultID />
		<label>Crackle TV</label>
		<label2>Video Add-On</label2>
		<icon>DefaultShortcut.png</icon>
		<thumb>special://home/addons/resource.images.skinicons.wide/resources/icons/crackle.png</thumb>
		<action>ActivateWindow(Videos,"plugin://plugin.video.crackle/?id=shows&amp;mode=99",return)</action>
		</shortcut>
	<shortcut>
		<defaultID>plugin.video.tubitv</defaultID>
		<label>TubiTV</label>
		<label2>Video Add-On</label2>
		<icon>DefaultShortcut.png</icon>
		<thumb>special://home/addons/resource.images.skinicons.wide/resources/icons/tubi.png</thumb>
		<action>ActivateWindow(Videos,"plugin://plugin.video.tubitv",return)</action>
		</shortcut>
	<shortcut>
		<defaultID>slyguy.curiositystream</defaultID>
		<label>CuriosityStream</label>
		<label2>Video Add-On</label2>
		<icon>DefaultShortcut.png</icon>
		<thumb>special://home/addons/resource.images.skinicons.wide/resources/icons/curiosity.png</thumb>
		<action>ActivateWindow(Videos,"plugin://slyguy.curiositystream",return)</action>
		</shortcut>
	<shortcut>
		<defaultID />
		<label>Samsung TV</label>
		<label2>Video Add-On</label2>
		<icon>DefaultShortcut.png</icon>
		<thumb>special://home/addons/resource.images.skinicons.wide/resources/icons/samsungtv.png</thumb>
		<action>ActivateWindow(Videos,"plugin://slyguy.samsung.tv.plus/?_=live_tv&amp;code=us",return)</action>
		</shortcut>
	</shortcuts>
