<shortcuts>
	<shortcut>
		<defaultID />
		<label>Search Games</label>
		<label2>Video Add-On</label2>
		<icon>DefaultShortcut.png</icon>
		<thumb>image://special%3a%2f%2fhome%2faddons%2fresource.images.skinicons.wide%2fresources%2ficons%2fsearch.png/</thumb>
		<action>ActivateWindow(Videos,"plugin://plugin.program.super.favourites/?label=Search+Channels&amp;mode=400&amp;path=special%3A%2F%2Fprofile%2Faddon_data%2Fplugin.program.super.favourites%2FSuper+Favourites%5CSearch+Channels&amp;image=special%3A%2F%2Fhome%2Faddons%2Fresource.images.skinicons.wide%2Fresources%2Ficons%2Fsearch.png&amp;fanart=C%3A%5CUsers%5Cjeddi%5CAppData%5CRoaming%5CKodi%5Caddons%5Cplugin.program.super.favourites%5Cfanart.jpg&amp;content_type=",return)</action>
		</shortcut>
	<shortcut>
		<defaultID>plugin.video.madtitansports/get_list/https://magnetic.website/MAD_TITAN_SPORTS/SPORTS/search_leagues.json</defaultID>
		<label>TODAYS EVENTS</label>
		<label2>Video Add-On</label2>
		<icon>DefaultShortcut.png</icon>
		<thumb>image://https%3a%2f%2fmagnetic.website%2fmenu%2520icons%2fwolfgirl%2520mad%2520titan%2520sports%2520icons%2fPicsart_22-05-12_06-53-49-228.png/</thumb>
		<action>ActivateWindow(Videos,"plugin://plugin.video.madtitansports/get_list/https://magnetic.website/MAD_TITAN_SPORTS/SPORTS/search_leagues.json",return)</action>
		</shortcut>
	<shortcut>
		<defaultID />
		<label>SPORT NETWORKS</label>
		<label2>Video Add-On</label2>
		<icon>DefaultShortcut.png</icon>
		<thumb>image://https%3a%2f%2fmagnetic.website%2fmenu%2520icons%2fwolfgirl%2520mad%2520titan%2520sports%2520icons%2fsports.png/</thumb>
		<action>ActivateWindow(Videos,"plugin://plugin.video.madtitansports/search_json/https://magnetic.website/jet/TVGUIDE/TVGUIDE_Sports Networks.json?query=sports networks&amp;dialog=false",return)</action>
		</shortcut>
	<shortcut>
		<defaultID />
		<label>Sports Replays</label>
		<label2>Video Add-On</label2>
		<icon>DefaultShortcut.png</icon>
		<thumb>image://special%3a%2f%2fhome%2faddons%2fresource.images.skinicons.wide%2fresources%2ficons%2freplays.png/</thumb>
		<action>ActivateWindow(Videos,"plugin://plugin.program.super.favourites/?label=Sports+Replays&amp;mode=400&amp;path=special%3A%2F%2Fprofile%2Faddon_data%2Fplugin.program.super.favourites%2FSuper+Favourites%5CSports+Replays&amp;image=special%3A%2F%2Fhome%2Faddons%2Fresource.images.skinicons.wide%2Fresources%2Ficons%2Freplays.png&amp;fanart=special%3A%2F%2Fhome%2Faddons%5Cplugin.video.replayme%5Cfanart.jpg&amp;content_type=",return)</action>
		</shortcut>
	<shortcut>
		<defaultID />
		<label>Sports Live PPV</label>
		<label2>Video Add-On</label2>
		<icon>DefaultShortcut.png</icon>
		<thumb>image://special%3a%2f%2fhome%2faddons%2fresource.images.skinicons.wide%2fresources%2ficons%2fppvconverted.png/</thumb>
		<action>ActivateWindow(Videos,"plugin://plugin.program.super.favourites/?label=Sports+Live+PPV&amp;mode=400&amp;path=special%3A%2F%2Fprofile%2Faddon_data%2Fplugin.program.super.favourites%2FSuper+Favourites%5CSports+Live+PPV&amp;image=special%3A%2F%2Fhome%2Faddons%2Fresource.images.skinicons.wide%2Fresources%2Ficons%2Fppvconverted.png&amp;fanart=https%3A%2F%2Fimgur.com%2F82AVWuC.jpg&amp;content_type=",return)</action>
		</shortcut>
	<shortcut>
		<defaultID />
		<label>Hunting And Fishing</label>
		<label2>Video Add-On</label2>
		<icon>DefaultShortcut.png</icon>
		<thumb>image://special%3a%2f%2fhome%2faddons%2fresource.images.skinicons.wide%2fresources%2ficons%2fHUNTINGFISHING.jpg/</thumb>
		<action>ActivateWindow(Videos,"plugin://plugin.program.super.favourites/?label=Hunting+And+Fishing&amp;mode=400&amp;path=special%3A%2F%2Fprofile%2Faddon_data%2Fplugin.program.super.favourites%2FSuper+Favourites%5CHunting+And+Fishing&amp;image=special%3A%2F%2Fhome%2Faddons%2Fresource.images.skinicons.wide%2Fresources%2Ficons%2FHUNTINGFISHING.jpg&amp;fanart=special%3A%2F%2Fhome%2Faddons%5Cslyguy.stirr.provider%5Cfanart.jpg&amp;content_type=",return)</action>
		</shortcut>
	<shortcut>
		<defaultID />
		<label>Motorheads</label>
		<label2>Video Add-On</label2>
		<icon>DefaultShortcut.png</icon>
		<thumb>image://special%3a%2f%2fhome%2faddons%2fresource.images.skinicons.wide%2fresources%2ficons%2ftorque.png/</thumb>
		<action>ActivateWindow(Videos,"plugin://plugin.program.super.favourites/?label=Motorheads&amp;mode=400&amp;path=special%3A%2F%2Fprofile%2Faddon_data%2Fplugin.program.super.favourites%2FSuper+Favourites%5CMotorheads&amp;image=special%3A%2F%2Fhome%2Faddons%2Fresource.images.skinicons.wide%2Fresources%2Ficons%2Ftorque.png&amp;fanart=special%3A%2F%2Fhome%2Faddons%5Cplugin.video.powernationtv%5Cresources%5Cmedia%5Cfanart.jpg&amp;content_type=",return)</action>
		</shortcut>
	</shortcuts>
