<shortcuts>
	<shortcut>
		<defaultID>plugin.video.playlistbrowser</defaultID>
		<label>Diggz TV Guide Lite</label>
		<label2>Video Add-On</label2>
		<icon>DefaultShortcut.png</icon>
		<thumb>special://home/addons/resource.images.skinicons.wide/resources/icons/diggztvguide.png</thumb>
		<action>ActivateWindow(Videos,"plugin://plugin.video.playlistbrowser",return)</action>
		</shortcut>
	<shortcut>
		<defaultID>plugin.video.dreammachine</defaultID>
		<label>Dream Machine</label>
		<label2>Video Add-On</label2>
		<icon>DefaultShortcut.png</icon>
		<thumb>special://home/addons/resource.images.skinicons.wide/resources/icons/dreammachine.png</thumb>
		<action>ActivateWindow(Videos,"plugin://plugin.video.dreammachine",return)</action>
		</shortcut>
	<shortcut>
		<defaultID />
		<label>The TV App</label>
		<label2>Custom item</label2>
		<icon>DefaultShortcut.png</icon>
		<thumb>special://home/addons/resource.images.skinicons.wide/resources/icons/thetvapp.png</thumb>
		<action>ActivateWindow(10025,"plugin://plugin.video.ghosttv/?mode=1&amp;url=https%3a%2f%2ftvpass.org%2fplaylist%2fm3u",return)</action>
		</shortcut>
	<shortcut>
		<defaultID />
		<label>Jet TV Guide</label>
		<label2>Custom item</label2>
		<icon>DefaultShortcut.png</icon>
		<thumb>special://home/addons/resource.images.skinicons.wide/resources/icons/jettvguide.png</thumb>
		<action>ActivateWindow(10025,"plugin://plugin.video.jet_guide/",return)</action>
		</shortcut>
	<shortcut>
		<defaultID />
		<label>DaddyLive</label>
		<label2>Custom item</label2>
		<icon>DefaultShortcut.png</icon>
		<thumb>special://home/addons/resource.images.skinicons.wide/resources/icons/daddylive.png</thumb>
		<action>ActivateWindow(Videos,"plugin://plugin.program.super.favourites/?label=DaddyLive&amp;mode=400&amp;path=special%3A%2F%2Fprofile%2Faddon_data%2Fplugin.program.super.favourites%2FSuper+Favourites%5CDaddyLive&amp;image=special%3A%2F%2Fhome%2Faddons%2Fresource.images.skinicons.wide%2Fresources%2Ficons%2Fdaddylive.png&amp;fanart=special%3A%2F%2Fhome%2Faddons%5Cplugin.video.daddylive%5Cfanart.jpg&amp;content_type=",return)</action>
		</shortcut>
	<shortcut>
		<defaultID />
		<label>UK &amp; US TV Tapp</label>
		<label2>Video Add-On</label2>
		<icon>DefaultShortcut.png</icon>
		<thumb>special://home/addons/resource.images.skinicons.wide/resources/icons/tvtap.png</thumb>
		<action>ActivateWindow(Videos,"plugin://plugin.program.super.favourites/?label=UK+%26+US+TV+Tapp&amp;mode=400&amp;path=special%3A%2F%2Fprofile%2Faddon_data%2Fplugin.program.super.favourites%2FSuper+Favourites%5CUK+%26+US+TV+Tapp&amp;image=special%3A%2F%2Fhome%2Faddons%2Fresource.images.skinicons.wide%2Fresources%2Ficons%2Ftvtap.png&amp;fanart=C%3A%5CUsers%5Cjeddi%5CAppData%5CRoaming%5CKodi%5Caddons%5Cplugin.program.super.favourites%5Cfanart.jpg&amp;content_type=",return)</action>
		</shortcut>
	<shortcut>
		<defaultID>plugin.video.playlistbee</defaultID>
		<label>Playlist Bee</label>
		<label2>Video Add-On</label2>
		<icon>DefaultShortcut.png</icon>
		<thumb>special://home/addons/resource.images.skinicons.wide/resources/icons/bee.png</thumb>
		<action>ActivateWindow(Videos,"plugin://plugin.video.playlistbee",return)</action>
		</shortcut>
	<shortcut>
		<defaultID />
		<label>Ghost Live TV</label>
		<label2>Video Add-On</label2>
		<icon>DefaultShortcut.png</icon>
		<thumb>special://home/addons/resource.images.skinicons.wide/resources/icons/ghost.png</thumb>
		<action>ActivateWindow(Videos,"plugin://plugin.video.ghost/?mode=189&amp;iconimage=https%3A%2F%2Fthechains24.com%2FPornKing%2Fghost.png&amp;fanart=https%3A%2F%2Fthechains24.com%2FPornKing%2Ffanart.jpg&amp;description=Live+TV&amp;url=https%3A%2F%2Fthechains24.com%2FPornKing%2FNew%2520Live%2520tv%2520Ghost%2FEntairt.xml&amp;name=Live+TV&amp;image_master=&amp;heb_name=+&amp;last_id=&amp;dates=+&amp;data=+&amp;original_title=+&amp;id=+&amp;season=+&amp;episode=+&amp;tmdbid=+&amp;eng_name=+&amp;show_original_year=+&amp;isr=0&amp;fav_status=false&amp;all_w=%7B%7D&amp;search_db=&amp;mypass=&amp;iconimage=https%3A%2F%2Fthechains24.com%2FPornKing%2Fghost.png&amp;fanart=https%3A%2F%2Fthechains24.com%2FPornKing%2Ffanart.jpg&amp;description=Live+TV&amp;url=https%3A%2F%2Fthechains24.com%2FPornKing%2FNew%2520Live%2520tv%2520Ghost%2FEntairt.xml&amp;name=Live+TV&amp;image_master=&amp;heb_name=+&amp;last_id=&amp;dates=+&amp;data=+&amp;original_title=+&amp;id=+&amp;season=+&amp;episode=+&amp;tmdbid=+&amp;eng_name=+&amp;show_original_year=+&amp;fav_status=false&amp;all_w=%7B%7D&amp;search_db=&amp;mypass=&amp;video_data=%7B%22title%22%3A+%22Live+TV%22%2C+%22mediatype%22%3A+%22movie%22%2C+%22TVshowtitle%22%3A+%22%22%2C+%22season%22%3A+0%2C+%22episode%22%3A+0%2C+%22OriginalTitle%22%3A+%22+%22%2C+%22rating%22%3A+%220%22%2C+%22plot%22%3A+%22Live+TV%22%2C+%22Tag%22%3A+%22None%22%2C+%22id%22%3A+%22+%22%7D&amp;video_data=%7B%22title%22%3A+%22Live+TV%22%2C+%22mediatype%22%3A+%22movie%22%2C+%22TVshowtitle%22%3A+%22%22%2C+%22season%22%3A+0%2C+%22episode%22%3A+0%2C+%22OriginalTitle%22%3A+%22+%22%2C+%22rating%22%3A+%220%22%2C+%22plot%22%3A+%22Live+TV%22%2C+%22Tag%22%3A+%22None%22%2C+%22id%22%3A+%22+%22%7D",return)</action>
		</shortcut>
	<shortcut>
		<defaultID />
		<label>ForkQ</label>
		<label2>Video Add-On</label2>
		<icon>DefaultShortcut.png</icon>
		<thumb>special://home/addons/resource.images.skinicons.wide/resources/icons/forkq.png</thumb>
		<action>ActivateWindow(Videos,"plugin://plugin.video.forkq/?action=list&amp;url=GBgBFxpUAVkLDRENWwUEFx9fHx4SSAEPQhUQCwsHTwpAFwoCCTMbAgZBXBceSwgORwhAEQMQHgIQCxpARAUGCg%3D%3D",return)</action>
		</shortcut>
	<shortcut>
		<defaultID>plugin.video.iptvlister</defaultID>
		<label>IPTV Lister</label>
		<label2>Video Add-On</label2>
		<icon>DefaultShortcut.png</icon>
		<thumb>special://home/addons/resource.images.skinicons.wide/resources/icons/iptvlister.png</thumb>
		<action>ActivateWindow(Videos,"plugin://plugin.video.iptvlister",return)</action>
		</shortcut>
	<shortcut>
		<defaultID>newsliveandlocal</defaultID>
		<label>News Live</label>
		<label2>Favourite</label2>
		<icon>DefaultFolder.png</icon>
		<thumb>special://home/addons/resource.images.skinicons.wide/resources/icons/news.png</thumb>
		<action>ActivateWindow(10025,"plugin://plugin.program.super.favourites/?content_type=video&amp;fanart=special%3a%2f%2fhome%2faddons%5cplugin.video.localnow%5cresources%5cmedia%5cfanart.jpg&amp;image=special%3a%2f%2fhome%2faddons%2fresource.images.skinicons.wide%2fresources%2ficons%2fnews.png&amp;label=News%20Live%20And%20Local&amp;mode=400&amp;path=special%3a%2f%2fprofile%2faddon_data%2fplugin.program.super.favourites%2fSuper%20Favourites%5cNews%20Live%20And%20Local",return)</action>
		</shortcut>
	<shortcut>
		<defaultID>slyguy.pluto.tv.provider</defaultID>
		<label>Pluto TV</label>
		<label2>Video Add-On</label2>
		<icon>DefaultShortcut.png</icon>
		<thumb>special://home/addons/resource.images.skinicons.wide/resources/icons/pluto.png</thumb>
		<action>ActivateWindow(Videos,"plugin://slyguy.pluto.tv.provider",return)</action>
		</shortcut>
	<shortcut>
		<defaultID>slyguy.samsung.tv.plus</defaultID>
		<label>Samsung TV Plus</label>
		<label2>Video Add-On</label2>
		<icon>DefaultShortcut.png</icon>
		<thumb>special://home/addons/resource.images.skinicons.wide/resources/icons/samsungtv.png</thumb>
		<action>ActivateWindow(Videos,"plugin://slyguy.samsung.tv.plus",return)</action>
		</shortcut>
	<shortcut>
		<defaultID>slyguy.plex.live</defaultID>
		<label>Plex Live</label>
		<label2>Video Add-On</label2>
		<icon>DefaultShortcut.png</icon>
		<thumb>special://home/addons/resource.images.skinicons.wide/resources/icons/plex.png</thumb>
		<action>ActivateWindow(Videos,"plugin://slyguy.plex.live",return)</action>
		</shortcut>
	<shortcut>
		<defaultID>slyguy.stirr.provider</defaultID>
		<label>STIRR</label>
		<label2>Video Add-On</label2>
		<icon>DefaultShortcut.png</icon>
		<thumb>special://home/addons/resource.images.skinicons.wide/resources/icons/stirr.png</thumb>
		<action>ActivateWindow(Videos,"plugin://slyguy.stirr.provider",return)</action>
		</shortcut>
	<shortcut>
		<defaultID>plugin.video.lgchannels</defaultID>
		<label>LG Channels</label>
		<label2>Video Add-On</label2>
		<icon>DefaultShortcut.png</icon>
		<thumb>special://home/addons/resource.images.skinicons.wide/resources/icons/lg.png</thumb>
		<action>ActivateWindow(Videos,"plugin://plugin.video.lgchannels",return)</action>
		</shortcut>
	<shortcut>
		<defaultID>slyguy.roku</defaultID>
		<label>Roku</label>
		<label2>Video Add-On</label2>
		<icon>DefaultShortcut.png</icon>
		<thumb>special://home/addons/resource.images.skinicons.wide/resources/icons/roku.png</thumb>
		<action>ActivateWindow(Videos,"plugin://slyguy.roku",return)</action>
		</shortcut>
	<shortcut>
		<defaultID>plugin.video.xumoplay</defaultID>
		<label>Xumo Play</label>
		<label2>Video Add-On</label2>
		<icon>DefaultShortcut.png</icon>
		<thumb>special://home/addons/resource.images.skinicons.wide/resources/icons/xumo.png</thumb>
		<action>ActivateWindow(Videos,"plugin://plugin.video.xumoplay",return)</action>
		</shortcut>
	<shortcut>
		<defaultID>plugin.program.livetv</defaultID>
		<label>Diggz TV Browser </label>
		<label2>Video Add-On</label2>
		<icon>DefaultShortcut.png</icon>
		<thumb>special://home/addons/resource.images.skinicons.wide/resources/icons/livetvlinks.png</thumb>
		<action>RunAddOn(plugin.program.livetv)</action>
		</shortcut>
	<shortcut>
		<defaultID>plugin.video.madtitansports/get_list/https://magnetic.website/MAD_TITAN_SPORTS/LIVETV/livetv.json</defaultID>
		<label>Mad Titan Live TV</label>
		<label2>Video Add-On</label2>
		<icon>DefaultShortcut.png</icon>
		<thumb>special://home/addons/resource.images.skinicons.wide/resources/icons/madtitan.png</thumb>
		<action>ActivateWindow(Videos,"plugin://plugin.video.madtitansports/get_list/https://magnetic.website/MAD_TITAN_SPORTS/LIVETV/livetv.json",return)</action>
		</shortcut>
	<shortcut>
		<defaultID>plugin.video.tvone</defaultID>
		<label>TV Tapp</label>
		<label2>Video Add-On</label2>
		<icon>DefaultShortcut.png</icon>
		<thumb>special://home/addons/resource.images.skinicons.wide/resources/icons/tv1.png</thumb>
		<action>ActivateWindow(Videos,"plugin://plugin.video.tvone",return)</action>
		</shortcut>
	<shortcut>
		<defaultID>plugin.video.tvone111</defaultID>
		<label>Redbox TV</label>
		<label2>Video Add-On</label2>
		<icon>DefaultShortcut.png</icon>
		<thumb>special://home/addons/resource.images.skinicons.wide/resources/icons/tv111.png</thumb>
		<action>ActivateWindow(Videos,"plugin://plugin.video.tvone111",return)</action>
		</shortcut>
	<shortcut>
		<defaultID>plugin.video.tvone112</defaultID>
		<label>RSTV</label>
		<label2>Video Add-On</label2>
		<icon>DefaultShortcut.png</icon>
		<thumb>special://home/addons/resource.images.skinicons.wide/resources/icons/tv112.png</thumb>
		<action>ActivateWindow(Videos,"plugin://plugin.video.tvone112",return)</action>
		</shortcut>
	<shortcut>
		<defaultID>slyguy.pbs.live</defaultID>
		<label>PBS Live</label>
		<label2>Video Add-On</label2>
		<icon>DefaultShortcut.png</icon>
		<thumb>special://home/addons/resource.images.skinicons.wide/resources/icons/pbstv.png</thumb>
		<action>ActivateWindow(Videos,"plugin://slyguy.pbs.live",return)</action>
		</shortcut>
	<shortcut>
		<defaultID>plugin.video.iplayerwww</defaultID>
		<label>iPlayer WWW</label>
		<label2>Video Add-On</label2>
		<icon>DefaultShortcut.png</icon>
		<thumb>special://home/addons/resource.images.skinicons.wide/resources/icons/iplayer.png</thumb>
		<action>ActivateWindow(Videos,"plugin://plugin.video.iplayerwww",return)</action>
		</shortcut>
	<shortcut>
		<defaultID>plugin.video.cbc</defaultID>
		<label>Canadian Broadcasting Corp (CBC)</label>
		<label2>Video Add-On</label2>
		<icon>DefaultShortcut.png</icon>
		<thumb>special://home/addons/resource.images.skinicons.wide/resources/icons/cbc.png</thumb>
		<action>ActivateWindow(Videos,"plugin://plugin.video.cbc",return)</action>
		</shortcut>
	<shortcut>
		<defaultID>plugin.video.raitv</defaultID>
		<label>Rai Play (Italian)</label>
		<label2>Video Add-On</label2>
		<icon>DefaultShortcut.png</icon>
		<thumb>special://home/addons/resource.images.skinicons.wide/resources/icons/raiplay.png</thumb>
		<action>ActivateWindow(Videos,"plugin://plugin.video.raitv",return)</action>
		</shortcut>
	<shortcut>
		<defaultID>plugin.video.xtream-codes</defaultID>
		<label>Xtream-Codes IPTV</label>
		<label2>Video Add-On</label2>
		<icon>DefaultShortcut.png</icon>
		<thumb>special://home/addons/resource.images.skinicons.wide/resources/icons/xtreamcodes.png</thumb>
		<action>ActivateWindow(Videos,"plugin://plugin.video.xtream-codes",return)</action>
		</shortcut>
	</shortcuts>
