<shortcuts>
	<shortcut>
		<defaultID />
		<label>Search...</label>
		<label2>Custom item</label2>
		<icon>DefaultShortcut.png</icon>
		<thumb>thumb</thumb>
		<action>ActivateWindow(Videos,"plugin://plugin.video.fen/?name=32450&amp;iconImage=search&amp;mode=navigator.search",return)</action>
		</shortcut>
	<shortcut>
		<defaultID />
		<label>Genres</label>
		<label2>Custom item</label2>
		<icon>DefaultShortcut.png</icon>
		<thumb>thumb</thumb>
		<action>ActivateWindow(Videos,"plugin://plugin.video.fen/?name=32470&amp;iconImage=genres&amp;mode=navigator.genres&amp;menu_type=tvshow",return)</action>
		</shortcut>
	<shortcut>
		<defaultID />
		<label>TV Networks</label>
		<label2>Custom item</label2>
		<icon>DefaultShortcut.png</icon>
		<thumb>thumb</thumb>
		<action>ActivateWindow(Videos,"plugin://plugin.video.fen/?name=32480&amp;iconImage=networks&amp;mode=navigator.networks&amp;menu_type=tvshow",return)</action>
		</shortcut>
	<shortcut>
		<defaultID />
		<label>Discover TV shows</label>
		<label2>Custom item</label2>
		<icon>DefaultShortcut.png</icon>
		<thumb>thumb</thumb>
		<action>ActivateWindow(Videos,"plugin://plugin.video.fen/?mode=discover.tvshow&amp;media_type=tvshow&amp;name=TV+Shows&amp;iconImage=https%3A%2F%2Fi.imgur.com%2FPEdc5Bh.png",return)</action>
		</shortcut>
	<shortcut>
		<defaultID />
		<label>Popular Trakt Lists</label>
		<label2>Custom item</label2>
		<icon>DefaultShortcut.png</icon>
		<thumb>thumb</thumb>
		<action>ActivateWindow(Videos,"plugin://plugin.video.fen/?mode=trakt.list.get_trakt_trending_popular_lists&amp;list_type=popular&amp;category_name=Popular+User+Lists&amp;iconImage=https%3A%2F%2Fi.imgur.com%2FxihFNwP.png",return)</action>
		</shortcut>
	<shortcut>
		<defaultID />
		<label>Search Trakt Lists</label>
		<label2>Video Add-On</label2>
		<icon>DefaultShortcut.png</icon>
		<thumb>thumb</thumb>
		<action>ActivateWindow(Videos,"plugin://plugin.video.themoviedb.helper/?info=trakt_searchlists&amp;tmdb_type=both&amp;widget=true&amp;reload=$INFO[Window(Home).Property(TMDbHelper.Widgets.Reload)]&amp;reload=$INFO[Window(Home).Property(TMDbHelper.Widgets.Reload)]",return)</action>
		</shortcut>
	<shortcut>
		<defaultID />
		<label>[B]FAVORITES: [/B]TV Shows</label>
		<label2>Video Add-On</label2>
		<icon>DefaultShortcut.png</icon>
		<thumb>image://https%3a%2f%2fi.imgur.com%2fR3NEEJl.png/</thumb>
		<action>ActivateWindow(Videos,"plugin://plugin.video.fen/?mode=build_tvshow_list&amp;action=favorites_tvshows&amp;name=TV+Shows&amp;iconImage=https%3A%2F%2Fi.imgur.com%2FR3NEEJl.png",return)</action>
		</shortcut>
	<shortcut>
		<defaultID />
		<label>FEN Downloads</label>
		<label2>Video Add-On</label2>
		<icon>DefaultShortcut.png</icon>
		<thumb>image://https%3a%2f%2fi.imgur.com%2fKkNYKy6.png/</thumb>
		<action>ActivateWindow(Videos,"plugin://plugin.video.fen/?name=32107&amp;iconImage=downloads&amp;mode=navigator.downloads",return)</action>
		</shortcut>
	<shortcut>
		<defaultID />
		<label>FEN Tools</label>
		<label2>Video Add-On</label2>
		<icon>DefaultShortcut.png</icon>
		<thumb>image://https%3a%2f%2fi.imgur.com%2f4xBbqSw.png/</thumb>
		<action>ActivateWindow(Videos,"plugin://plugin.video.fen/?name=32456&amp;iconImage=settings2&amp;mode=navigator.tools",return)</action>
		</shortcut>
	</shortcuts>
