<shortcuts>
	<shortcut>
		<defaultID>b-colorsnow-forceclose-color-b</defaultID>
		<label>[B][COLOR snow]Exit Xenon[/COLOR][/B]</label>
		<label2>Favourite</label2>
		<icon>DefaultShortcut.png</icon>
		<thumb>special://home/addons/resource.images.skinicons.wide/resources/icons/power2.gif</thumb>
		<action>ActivateWindow(10001,"plugin://plugin.program.chef21/?description=%5bB%5d%5bCOLOR%20snow%5dForce%20Close%20Kodi%5b%2fCOLOR%5d%5b%2fB%5d&amp;fanart=C%3a%5cUsers%5cjeddi%5cAppData%5cRoaming%5cKodi%5caddons%5cplugin.program.chef21%5cresources%5cfanart.jpg&amp;icon=C%3a%5cUsers%5cjeddi%5cAppData%5cRoaming%5cKodi%5caddons%5cplugin.program.chef21%5cresources%5cicon.png&amp;mode=18&amp;name=%5bB%5d%5bCOLOR%20snow%5dForce%20Close%5b%2fCOLOR%5d%5b%2fB%5d&amp;name2&amp;url&amp;version",return)</action>
		</shortcut>
	<shortcut>
		<defaultID />
		<label>Debrid/Trakt Login</label>
		<label2>Program</label2>
		<icon>DefaultShortcut.png</icon>
		<thumb>special://home/addons/resource.images.skinicons.wide/resources/icons/debridtrakt.gif</thumb>
		<action>ActivateWindow(Programs,"plugin://plugin.program.chef21/?url=&amp;mode=10&amp;name=%5BB%5D%5BCOLOR+snow%5DAuthorize+Debrid+and+Trakt%5B%2FCOLOR%5D%5B%2FB%5D&amp;icon=C%3A%5CUsers%5Cjeddi%5CAppData%5CRoaming%5CKodi%5Caddons%5Cplugin.program.chef21%5Cresources%5Cicon.png&amp;fanart=C%3A%5CUsers%5Cjeddi%5CAppData%5CRoaming%5CKodi%5Caddons%5Cplugin.program.chef21%5Cresources%5Cfanart.jpg&amp;description=%5BB%5D%5BCOLOR+snow%5DAuthorize+Debrid+and+Trakt%5B%2FCOLOR%5D%5B%2FB%5D&amp;name2=&amp;version=",return)</action>
		</shortcut>
	<shortcut>
		<defaultID />
		<label>Xenon 2 Flavors</label>
		<label2>Program</label2>
		<icon>DefaultShortcut.png</icon>
		<thumb>special://home/addons/resource.images.skinicons.wide/resources/icons/wallpaperpacks.png</thumb>
		<action>ActivateWindow(Programs,"plugin://plugin.program.xenon2/?url=&amp;mode=1&amp;name=Xenon+2+Flavors&amp;icon=C%3A%5CUsers%5Cjeddi%5CAppData%5CRoaming%5CKodi%5Caddons%5Cplugin.program.xenon2%5Cresources%5Cicon.png&amp;fanart=C%3A%5CUsers%5Cjeddi%5CAppData%5CRoaming%5CKodi%5Caddons%5Cplugin.program.xenon2%5Cresources%5Cfanart.jpg&amp;description=Install+a+build.&amp;name2=&amp;version=",return)</action>
		</shortcut>
	<shortcut>
		<defaultID>plugin.program.maxql</defaultID>
		<label>4K/1080P Switch</label>
		<label2>Program</label2>
		<icon>DefaultShortcut.png</icon>
		<thumb>special://home/addons/resource.images.skinicons.wide/resources/icons/10804k.gif</thumb>
		<action>ActivateWindow(Programs,"plugin://plugin.program.maxql",return)</action>
		</shortcut>
	<shortcut>
		<defaultID />
		<label>Diggz Skin Portal</label>
		<label2>Custom item</label2>
		<icon>DefaultShortcut.png</icon>
		<thumb>special://home/addons/resource.images.skinicons.wide/resources/icons/skinportal.gif</thumb>
		<action>ActivateWindow(1142)</action>
		</shortcut>
	<shortcut>
		<defaultID>plugin.program.chef21</defaultID>
		<label>Chef Wizard</label>
		<label2>Program</label2>
		<icon>DefaultShortcut.png</icon>
		<thumb>special://home/addons/resource.images.skinicons.wide/resources/icons/chef.png</thumb>
		<action>ActivateWindow(Programs,"plugin://plugin.program.chef21",return)</action>
		</shortcut>
	<shortcut>
		<defaultID />
		<label>Quick Updates</label>
		<label2>Program</label2>
		<icon>DefaultShortcut.png</icon>
		<thumb>special://home/addons/resource.images.skinicons.wide/resources/icons/Quick_Fix_button.png</thumb>
		<action>ActivateWindow(Programs,"plugin://plugin.program.quickfix/?url=&amp;mode=1&amp;name=Click+Here+For+Available+Fixes&amp;icon=C%3A%5CUsers%5Cjeddi%5CAppData%5CRoaming%5CKodi%5Caddons%5Cplugin.program.quickfix%5Cresources%5Cicon.png&amp;fanart=C%3A%5CUsers%5Cjeddi%5CAppData%5CRoaming%5CKodi%5Caddons%5Cplugin.program.quickfix%5Cresources%5Cfanart.jpg&amp;description=Install+a+build.&amp;name2=&amp;version=",return)</action>
		</shortcut>
	<shortcut>
		<defaultID />
		<label>Update Addons</label>
		<label2>Custom item</label2>
		<icon>DefaultShortcut.png</icon>
		<thumb>special://home/addons/resource.images.skinicons.wide/resources/icons/update.png</thumb>
		<action>PlayMedia("plugin://program.RockCleaner-Classic/?url=url&amp;mode=5&amp;name=%5BCOLOR+red%5D%5BB%5D%5BI%5DUpdate%5B%2FI%5D%5B%2FB%5D%5B%2FCOLOR%5D")</action>
		</shortcut>
	<shortcut>
		<defaultID>plugin.image.diggzwallpapers</defaultID>
		<label>Diggz Wallpapers</label>
		<label2>Picture Add-On</label2>
		<icon>DefaultShortcut.png</icon>
		<thumb>special://home/addons/resource.images.skinicons.wide/resources/icons/wallpapers.png</thumb>
		<action>ActivateWindow(Pictures,"plugin://plugin.image.diggzwallpapers",return)</action>
		</shortcut>
	<shortcut>
		<defaultID />
		<label>Edit Wallpapers</label>
		<label2>Picture Source</label2>
		<icon>DefaultShortcut.png</icon>
		<thumb>special://home/addons/resource.images.skinicons.wide/resources/icons/wallpaperedit.png</thumb>
		<action>ActivateWindow(Pictures,"special://home/addons/resource.images.skinbackgrounds.xenon/resources/custom/",return)</action>
		</shortcut>
	</shortcuts>
