<shortcuts>
	<shortcut>
		<defaultID />
		<label>Watchlist</label>
		<label2>Custom item</label2>
		<icon>DefaultShortcut.png</icon>
		<thumb>thumb</thumb>
		<action>ActivateWindow(Videos,"plugin://plugin.video.fen/?mode=build_movie_list&amp;action=trakt_watchlist&amp;category_name=Movies+Watchlist&amp;iconImage=https%3A%2F%2Fi.imgur.com%2FxihFNwP.png",return)</action>
		</shortcut>
	<shortcut>
		<defaultID />
		<label>Collection</label>
		<label2>Custom item</label2>
		<icon>DefaultShortcut.png</icon>
		<thumb>thumb</thumb>
		<action>ActivateWindow(Videos,"plugin://plugin.video.fen/?mode=build_movie_list&amp;action=trakt_collection&amp;category_name=Movies+Collection&amp;iconImage=https%3A%2F%2Fi.imgur.com%2FxihFNwP.png",return)</action>
		</shortcut>
	<shortcut>
		<defaultID />
		<label>My Lists</label>
		<label2>Video Add-On</label2>
		<icon>DefaultShortcut.png</icon>
		<thumb>image://https%3a%2f%2fi.imgur.com%2fxihFNwP.png/</thumb>
		<action>ActivateWindow(Videos,"plugin://plugin.video.fen/?mode=trakt.list.get_trakt_lists&amp;list_type=my_lists&amp;build_list=true&amp;category_name=My+Lists&amp;iconImage=https%3A%2F%2Fi.imgur.com%2FxihFNwP.png",return)</action>
		</shortcut>
	<shortcut>
		<defaultID />
		<label>Liked Lists</label>
		<label2>Video Add-On</label2>
		<icon>DefaultShortcut.png</icon>
		<thumb>image://https%3a%2f%2fi.imgur.com%2fxihFNwP.png/</thumb>
		<action>ActivateWindow(Videos,"plugin://plugin.video.fen/?mode=trakt.list.get_trakt_lists&amp;list_type=liked_lists&amp;build_list=true&amp;category_name=Liked+Lists&amp;iconImage=https%3A%2F%2Fi.imgur.com%2FxihFNwP.png",return)</action>
		</shortcut>
	<shortcut>
		<defaultID />
		<label>Recently Watched</label>
		<label2>Video Add-On</label2>
		<icon>DefaultShortcut.png</icon>
		<thumb>image://https%3a%2f%2fi.imgur.com%2fSacesHf.png/</thumb>
		<action>ActivateWindow(Videos,"plugin://plugin.video.fen/?name=32226&amp;iconImage=watched_recent&amp;mode=build_movie_list&amp;action=recent_watched_movies",return)</action>
		</shortcut>
	<shortcut>
		<defaultID />
		<label>[B]FAVORITES: [/B]Movies</label>
		<label2>Video Add-On</label2>
		<icon>DefaultShortcut.png</icon>
		<thumb>image://https%3a%2f%2fi.imgur.com%2fxihFNwP.png/</thumb>
		<action>ActivateWindow(Videos,"plugin://plugin.video.fen/?mode=build_movie_list&amp;action=trakt_favorites&amp;category_name=Movies+Favorites&amp;iconImage=https%3A%2F%2Fi.imgur.com%2FxihFNwP.png",return)</action>
		</shortcut>
	<shortcut>
		<defaultID />
		<label>[B]RECOMMENDED: [/B]Movies</label>
		<label2>Video Add-On</label2>
		<icon>DefaultShortcut.png</icon>
		<thumb>image://https%3a%2f%2fi.imgur.com%2fxihFNwP.png/</thumb>
		<action>ActivateWindow(Videos,"plugin://plugin.video.fen/?mode=build_movie_list&amp;action=trakt_recommendations&amp;new_page=movies&amp;category_name=Movies+Recommended&amp;iconImage=https%3A%2F%2Fi.imgur.com%2FxihFNwP.png",return)</action>
		</shortcut>
	<shortcut>
		<defaultID />
		<label>All Watched</label>
		<label2>Video Add-On</label2>
		<icon>DefaultShortcut.png</icon>
		<thumb>image://https%3a%2f%2fi.imgur.com%2fPs93y86.png/</thumb>
		<action>ActivateWindow(Videos,"plugin://plugin.video.fen/?name=32475&amp;iconImage=watched_1&amp;mode=build_movie_list&amp;action=watched_movies",return)</action>
		</shortcut>
	<shortcut>
		<defaultID />
		<label>In Progress</label>
		<label2>Video Add-On</label2>
		<icon>DefaultShortcut.png</icon>
		<thumb>image://https%3a%2f%2fi.imgur.com%2fD0nCsqI.png/</thumb>
		<action>ActivateWindow(Videos,"plugin://plugin.video.fen/?name=32476&amp;iconImage=player&amp;mode=build_movie_list&amp;action=in_progress_movies",return)</action>
		</shortcut>
	</shortcuts>
