<shortcuts>
	<shortcut>
		<defaultID />
		<label>Search...</label>
		<label2>Custom item</label2>
		<icon>DefaultShortcut.png</icon>
		<thumb>thumb</thumb>
		<action>ActivateWindow(Videos,"plugin://plugin.video.fen/?name=32450&amp;iconImage=search&amp;mode=navigator.search",return)</action>
		</shortcut>
	<shortcut>
		<defaultID />
		<label>Genres</label>
		<label2>Custom item</label2>
		<icon>DefaultShortcut.png</icon>
		<thumb>thumb</thumb>
		<action>ActivateWindow(Videos,"plugin://plugin.video.fen/?name=32470&amp;iconImage=genres&amp;mode=navigator.genres&amp;menu_type=movie",return)</action>
		</shortcut>
	<shortcut>
		<defaultID>plugin.video.imdb.trailers</defaultID>
		<label>IMDb Trailers</label>
		<label2>Video Add-On</label2>
		<icon>DefaultShortcut.png</icon>
		<thumb>thumb</thumb>
		<action>ActivateWindow(Videos,"plugin://plugin.video.imdb.trailers",return)</action>
		</shortcut>
	<shortcut>
		<defaultID />
		<label>Discover Movies</label>
		<label2>Custom item</label2>
		<icon>DefaultShortcut.png</icon>
		<thumb>thumb</thumb>
		<action>ActivateWindow(Videos,"plugin://plugin.video.fen/?mode=discover.movie&amp;media_type=movie&amp;name=Movies&amp;iconImage=https%3A%2F%2Fi.imgur.com%2FPEdc5Bh.png",return)</action>
		</shortcut>
	<shortcut>
		<defaultID />
		<label>Movie Services</label>
		<label2>Custom item</label2>
		<icon>DefaultShortcut.png</icon>
		<thumb>thumb</thumb>
		<action>ActivateWindow(Videos,"plugin://plugin.video.fen/?name=32480&amp;iconImage=networks&amp;mode=navigator.networks&amp;menu_type=movie",return)</action>
		</shortcut>
	<shortcut>
		<defaultID />
		<label>Trending Trakt Lists</label>
		<label2>Custom item</label2>
		<icon>DefaultShortcut.png</icon>
		<thumb>thumb</thumb>
		<action>ActivateWindow(Videos,"plugin://plugin.video.fen/?mode=trakt.list.get_trakt_trending_popular_lists&amp;list_type=trending&amp;category_name=Trending+User+Lists&amp;iconImage=https%3A%2F%2Fi.imgur.com%2FxihFNwP.png",return)</action>
		</shortcut>
	<shortcut>
		<defaultID />
		<label>Search Trakt Lists</label>
		<label2>Video Add-On</label2>
		<icon>DefaultShortcut.png</icon>
		<thumb>thumb</thumb>
		<action>ActivateWindow(Videos,"plugin://plugin.video.themoviedb.helper/?info=trakt_searchlists&amp;tmdb_type=both&amp;widget=true&amp;reload=$INFO[Window(Home).Property(TMDbHelper.Widgets.Reload)]&amp;reload=$INFO[Window(Home).Property(TMDbHelper.Widgets.Reload)]",return)</action>
		</shortcut>
	<shortcut>
		<defaultID />
		<label>[B]FAVORITES: [/B]Movies</label>
		<label2>Video Add-On</label2>
		<icon>DefaultShortcut.png</icon>
		<thumb>image://https%3a%2f%2fi.imgur.com%2fpmyCOx7.png/</thumb>
		<action>ActivateWindow(Videos,"plugin://plugin.video.fen/?mode=build_movie_list&amp;action=favorites_movies&amp;name=Movies&amp;iconImage=https%3A%2F%2Fi.imgur.com%2FpmyCOx7.png",return)</action>
		</shortcut>
	<shortcut>
		<defaultID />
		<label>FEN Downloads</label>
		<label2>Video Add-On</label2>
		<icon>DefaultShortcut.png</icon>
		<thumb>image://https%3a%2f%2fi.imgur.com%2fKkNYKy6.png/</thumb>
		<action>ActivateWindow(Videos,"plugin://plugin.video.fen/?name=32107&amp;iconImage=downloads&amp;mode=navigator.downloads",return)</action>
		</shortcut>
	<shortcut>
		<defaultID />
		<label>FEN Tools</label>
		<label2>Video Add-On</label2>
		<icon>DefaultShortcut.png</icon>
		<thumb>image://https%3a%2f%2fi.imgur.com%2f4xBbqSw.png/</thumb>
		<action>ActivateWindow(Videos,"plugin://plugin.video.fen/?name=32456&amp;iconImage=settings2&amp;mode=navigator.tools",return)</action>
		</shortcut>
	</shortcuts>
