<shortcuts>
	<shortcut>
		<defaultID>plugin.program.iagl/game_list/choose_from_list/NES_Bestof_ZachMorris</defaultID>
		<label>Best Of- Nintendo- NES</label>
		<label2>Custom item</label2>
		<icon>DefaultShortcut.png</icon>
		<thumb>special://home/addons/resource.images.skinicons.wide/resources/Arcade/nes.jpg</thumb>
		<action>ActivateWindow(Videos,"plugin://plugin.program.iagl/game_list/list_all/NES_Bestof_ZachMorris",return)</action>
		</shortcut>
	<shortcut>
		<defaultID>plugin.program.iagl/game_list/choose_from_list/SNES_Bestof_ZachMorris</defaultID>
		<label>Best Of- Super Nintendo</label>
		<label2>Custom item</label2>
		<icon>DefaultShortcut.png</icon>
		<thumb>special://home/addons/resource.images.skinicons.wide/resources/Arcade/snes.jpg</thumb>
		<action>ActivateWindow(Videos,"plugin://plugin.program.iagl/game_list/list_all/SNES_Bestof_ZachMorris",return)</action>
		</shortcut>
	<shortcut>
		<defaultID>plugin.program.iagl/game_list/choose_from_list/Genesis_Bestof_ZachMorris</defaultID>
		<label>Best Of- Sega Genesis</label>
		<label2>Custom item</label2>
		<icon>DefaultShortcut.png</icon>
		<thumb>special://home/addons/resource.images.skinicons.wide/resources/Arcade/sgenesis.jpg</thumb>
		<action>ActivateWindow(Videos,"plugin://plugin.program.iagl/game_list/list_all/Genesis_Bestof_ZachMorris",return)</action>
		</shortcut>
	<shortcut>
		<defaultID>plugin.program.iagl/game_list/choose_from_list/PS1_Bestof_ZachMorris</defaultID>
		<label>Best Of- Playstation- PS1</label>
		<label2>Custom item</label2>
		<icon>DefaultShortcut.png</icon>
		<thumb>special://home/addons/resource.images.skinicons.wide/resources/Arcade/ps1.jpeg</thumb>
		<action>ActivateWindow(Videos,"plugin://plugin.program.iagl/game_list/list_all/PS1_Bestof_ZachMorris",return)</action>
		</shortcut>
	<shortcut>
		<defaultID>plugin.program.iagl/game_list/list_all/Atari_2600_Bestof_ZachMorris</defaultID>
		<label>Best Of- Atari 2600</label>
		<label2>Video Add-On</label2>
		<icon>DefaultShortcut.png</icon>
		<thumb>special://home/addons/resource.images.skinicons.wide/resources/Arcade/atari2600.jpeg</thumb>
		<action>ActivateWindow(Videos,"plugin://plugin.program.iagl/game_list/list_all/Atari_2600_Bestof_ZachMorris",return)</action>
		</shortcut>
	<shortcut>
		<defaultID>plugin.program.iagl/game_list/list_all/Game_Gear_Bestof_ZachMorris</defaultID>
		<label>Best Of- Game Gear</label>
		<label2>Video Add-On</label2>
		<icon>DefaultShortcut.png</icon>
		<thumb>special://home/addons/resource.images.skinicons.wide/resources/Arcade/gamegear.jpg</thumb>
		<action>ActivateWindow(Videos,"plugin://plugin.program.iagl/game_list/list_all/Game_Gear_Bestof_ZachMorris",return)</action>
		</shortcut>
	<shortcut>
		<defaultID>plugin.program.iagl/game_list/list_all/GBA_Bestof_ZachMorris</defaultID>
		<label>Best Of- Game Boy Advance</label>
		<label2>Video Add-On</label2>
		<icon>DefaultShortcut.png</icon>
		<thumb>special://home/addons/resource.images.skinicons.wide/resources/Arcade/gba.jpeg</thumb>
		<action>ActivateWindow(Videos,"plugin://plugin.program.iagl/game_list/list_all/GBA_Bestof_ZachMorris",return)</action>
		</shortcut>
	<shortcut>
		<defaultID>plugin.program.iagl/game_list/list_all/GBC_Bestof_ZachMorris</defaultID>
		<label>Best Of- Game Boy Color</label>
		<label2>Video Add-On</label2>
		<icon>DefaultShortcut.png</icon>
		<thumb>special://home/addons/resource.images.skinicons.wide/resources/Arcade/gbcolor.jpg</thumb>
		<action>ActivateWindow(Videos,"plugin://plugin.program.iagl/game_list/list_all/GBC_Bestof_ZachMorris",return)</action>
		</shortcut>
	<shortcut>
		<defaultID>plugin.program.iagl/game_list/list_all/GB_Classic_Bestof_ZachMorris</defaultID>
		<label>Best Of- Game Boy Classic</label>
		<label2>Video Add-On</label2>
		<icon>DefaultShortcut.png</icon>
		<thumb>special://home/addons/resource.images.skinicons.wide/resources/Arcade/gbclassic.jpg</thumb>
		<action>ActivateWindow(Videos,"plugin://plugin.program.iagl/game_list/list_all/GB_Classic_Bestof_ZachMorris",return)</action>
		</shortcut>
	<shortcut>
		<defaultID>plugin.program.iagl/game_list/list_all/MAME_Bestof_ZachMorris</defaultID>
		<label>Best Of- Arcade</label>
		<label2>Video Add-On</label2>
		<icon>DefaultShortcut.png</icon>
		<thumb>special://home/addons/resource.images.skinicons.wide/resources/Arcade/arcade.jpeg</thumb>
		<action>ActivateWindow(Videos,"plugin://plugin.program.iagl/game_list/list_all/MAME_Bestof_ZachMorris",return)</action>
		</shortcut>
	<shortcut>
		<defaultID>plugin.program.iagl/game_list/list_all/TG16_Bestof_ZachMorris</defaultID>
		<label>Best Of- TurboGrafx 16</label>
		<label2>Video Add-On</label2>
		<icon>DefaultShortcut.png</icon>
		<thumb>special://home/addons/resource.images.skinicons.wide/resources/Arcade/turbog.jpeg</thumb>
		<action>ActivateWindow(Videos,"plugin://plugin.program.iagl/game_list/list_all/TG16_Bestof_ZachMorris",return)</action>
		</shortcut>
	<shortcut>
		<defaultID>plugin.program.iagl</defaultID>
		<label>All Arcade Lists..</label>
		<label2>Video Add-On</label2>
		<icon>DefaultShortcut.png</icon>
		<thumb>special://home/addons/resource.images.skinicons.wide/resources/Arcade/browseall.jpeg</thumb>
		<action>ActivateWindow(Videos,"plugin://plugin.program.iagl",return)</action>
		</shortcut>
	</shortcuts>
