<shortcuts>
	<shortcut>
		<defaultID />
		<label>Watchlist</label>
		<label2>Custom item</label2>
		<icon>DefaultShortcut.png</icon>
		<thumb>thumb</thumb>
		<action>ActivateWindow(Videos,"plugin://plugin.video.pov/?mode=build_tvshow_list&amp;action=trakt_watchlist&amp;name=TV+Shows&amp;iconImage=C%3A%5CUsers%5Cjeddi%5CAppData%5CRoaming%5CKodi%5Caddons%5Cplugin.video.pov%5Cresources%5Cmedia%5Ctrakt.png",return)</action>
		</shortcut>
	<shortcut>
		<defaultID />
		<label>Collection</label>
		<label2>Custom item</label2>
		<icon>DefaultShortcut.png</icon>
		<thumb>thumb</thumb>
		<action>ActivateWindow(Videos,"plugin://plugin.video.pov/?mode=build_tvshow_list&amp;action=trakt_collection&amp;name=TV+Shows&amp;iconImage=C%3A%5CUsers%5Cjeddi%5CAppData%5CRoaming%5CKodi%5Caddons%5Cplugin.video.pov%5Cresources%5Cmedia%5Ctrakt.png",return)</action>
		</shortcut>
	<shortcut>
		<defaultID />
		<label>In Progress Shows</label>
		<label2>Custom item</label2>
		<icon>DefaultShortcut.png</icon>
		<thumb>thumb</thumb>
		<action>ActivateWindow(Videos,"plugin://plugin.video.pov/?name=32481&amp;iconImage=in_progress_tvshow.png&amp;mode=build_tvshow_list&amp;action=in_progress_tvshows",return)</action>
		</shortcut>
	<shortcut>
		<defaultID />
		<label>Next Episodes</label>
		<label2>Video Add-On</label2>
		<icon>DefaultShortcut.png</icon>
		<thumb>image://C%3a%5cUsers%5cjeddi%5cAppData%5cRoaming%5cKodi%5caddons%5cplugin.video.pov%5cresources%5cmedia%5cnext_episodes.png/</thumb>
		<action>ActivateWindow(Videos,"plugin://plugin.video.pov/?name=32483&amp;iconImage=next_episodes.png&amp;mode=build_next_episode",return)</action>
		</shortcut>
	<shortcut>
		<defaultID />
		<label>Yout Trakt Lists</label>
		<label2>Video Add-On</label2>
		<icon>DefaultShortcut.png</icon>
		<thumb>image://C%3a%5cUsers%5cjeddi%5cAppData%5cRoaming%5cKodi%5caddons%5cplugin.video.pov%5cresources%5cmedia%5ctrakt.png/</thumb>
		<action>ActivateWindow(Videos,"plugin://plugin.video.pov/?mode=navigator.trakt_lists&amp;name=Lists&amp;iconImage=C%3A%5CUsers%5Cjeddi%5CAppData%5CRoaming%5CKodi%5Caddons%5Cplugin.video.pov%5Cresources%5Cmedia%5Ctrakt.png",return)</action>
		</shortcut>
	<shortcut>
		<defaultID />
		<label>Trakt Calendar</label>
		<label2>Video Add-On</label2>
		<icon>DefaultShortcut.png</icon>
		<thumb>image://C%3a%5cUsers%5cjeddi%5cAppData%5cRoaming%5cKodi%5caddons%5cplugin.video.pov%5cresources%5cmedia%5ctrakt.png/</thumb>
		<action>ActivateWindow(Videos,"plugin://plugin.video.pov/?mode=build_my_calendar&amp;name=Trakt+Calendar&amp;iconImage=C%3A%5CUsers%5Cjeddi%5CAppData%5CRoaming%5CKodi%5Caddons%5Cplugin.video.pov%5Cresources%5Cmedia%5Ctrakt.png",return)</action>
		</shortcut>
	<shortcut>
		<defaultID />
		<label>POV TV Favs</label>
		<label2>Custom item</label2>
		<icon>DefaultShortcut.png</icon>
		<thumb>thumb</thumb>
		<action>ActivateWindow(Videos,"plugin://plugin.video.pov/?mode=build_tvshow_list&amp;action=favourites_tvshows&amp;name=TV+Shows&amp;iconImage=C%3A%5CUsers%5Cjeddi%5CAppData%5CRoaming%5CKodi%5Caddons%5Cplugin.video.pov%5Cresources%5Cmedia%5Ctv.png",return)</action>
		</shortcut>
	<shortcut>
		<defaultID />
		<label>Recommended</label>
		<label2>Custom item</label2>
		<icon>DefaultShortcut.png</icon>
		<thumb>thumb</thumb>
		<action>ActivateWindow(Videos,"plugin://plugin.video.pov/?name=32474&amp;iconImage=because_you_watched.png&amp;mode=navigator.because_you_watched&amp;menu_type=tvshow",return)</action>
		</shortcut>
	</shortcuts>
