<shortcuts>
	<shortcut>
		<defaultID>Insert-Swap-Kodi-Favourites</defaultID>
		<label>Swap Favorites</label>
		<label2>Program</label2>
		<icon>DefaultShortcut.png</icon>
		<thumb>thumb</thumb>
		<action>ActivateWindow(Programs,"plugin://Insert-Swap-Kodi-Favourites",return)</action>
		</shortcut>
	<shortcut>
		<defaultID />
		<label>View Wallpapers</label>
		<label2>Custom item</label2>
		<icon>DefaultShortcut.png</icon>
		<thumb />
		<action>SlideShow(special://home/addons/resource.images.skinbackgrounds.xenon/resources/custom/,recursive,random)</action>
		</shortcut>
	<shortcut>
		<defaultID>360</defaultID>
		<label>360</label>
		<label2>Kodi Command</label2>
		<icon>DefaultShortcut.png</icon>
		<thumb />
		<action>ActivateScreensaver</action>
		</shortcut>
	<shortcut>
		<defaultID>plugin.program.super.favourites</defaultID>
		<label>Super Favourites</label>
		<label2>Video Add-On</label2>
		<icon>DefaultShortcut.png</icon>
		<thumb>thumb</thumb>
		<action>ActivateWindow(Videos,"plugin://plugin.program.super.favourites",return)</action>
		</shortcut>
	<shortcut>
		<defaultID />
		<label>[COLOR deeppink]Adults ONLY!![/COLOR]</label>
		<label2>Video Add-On</label2>
		<icon>DefaultShortcut.png</icon>
		<thumb>image://special%3a%2f%2fhome%2faddons%2fresource.images.skinicons.wide%2fresources%2ficons%2fEXPLORE%2fPorn.png/</thumb>
		<action>ActivateWindow(Videos,"plugin://plugin.program.super.favourites/?label=%5BCOLOR+deeppink%5DAdults+ONLY%21%21%5B%2FCOLOR%5D&amp;mode=400&amp;path=special%3A%2F%2Fprofile%2Faddon_data%2Fplugin.program.super.favourites%2FSuper+Favourites%5CXXX%5CAdults+ONLY%21%21&amp;image=special%3A%2F%2Fhome%2Faddons%2Fresource.images.skinicons.wide%2Fresources%2Ficons%2FEXPLORE%2FPorn.png&amp;fanart=C%3A%5CUsers%5Cjeddi%5CAppData%5CRoaming%5CKodi%5Caddons%5Cplugin.program.super.favourites%5Cfanart.jpg&amp;content_type=",return)</action>
		</shortcut>
	</shortcuts>
