<shortcuts>
	<shortcut>
		<defaultID>search</defaultID>
		<label>Search Addons</label>
		<label2>Favourite</label2>
		<icon>DefaultFolder.png</icon>
		<thumb />
		<action>ActivateWindow(10040,"addons://search/",return)</action>
		</shortcut>
	<shortcut>
		<defaultID>7</defaultID>
		<label>7</label>
		<label2>System</label2>
		<icon>DefaultRemovableDisk.png</icon>
		<thumb />
		<action>ActivateWindow(FileManager)</action>
		</shortcut>
	<shortcut>
		<defaultID>31957</defaultID>
		<label>Addon Browser</label>
		<label2>Add-ons</label2>
		<icon>DefaultAddonProgram.png</icon>
		<thumb />
		<action>ActivateWindow(1133)</action>
		</shortcut>
	<shortcut>
		<defaultID />
		<label>Install From Zip</label>
		<label2>Custom item</label2>
		<icon>DefaultShortcut.png</icon>
		<thumb />
		<action>InstallFromZip</action>
		</shortcut>
	<shortcut>
		<defaultID />
		<label>Install From Repo</label>
		<label2>Custom item</label2>
		<icon>DefaultShortcut.png</icon>
		<thumb />
		<action>ActivateWindow(addonbrowser,addons://repos/,return)</action>
		</shortcut>
	</shortcuts>
