<shortcuts>
	<shortcut>
		<defaultID />
		<label>Debrid/Trakt Login</label>
		<label2>Program</label2>
		<icon>DefaultShortcut.png</icon>
		<thumb>special://home/addons/resource.images.skinicons.wide/resources/icons/debridtrakt.gif</thumb>
		<action>ActivateWindow(Programs,"plugin://plugin.program.chef21/?url=&amp;mode=10&amp;name=%5BB%5D%5BCOLOR+snow%5DAuthorize+Debrid+and+Trakt%5B%2FCOLOR%5D%5B%2FB%5D&amp;icon=C%3A%5CUsers%5Cjeddi%5CAppData%5CRoaming%5CKodi%5Caddons%5Cplugin.program.chef21%5Cresources%5Cicon.png&amp;fanart=C%3A%5CUsers%5Cjeddi%5CAppData%5CRoaming%5CKodi%5Caddons%5Cplugin.program.chef21%5Cresources%5Cfanart.jpg&amp;description=%5BB%5D%5BCOLOR+snow%5DAuthorize+Debrid+and+Trakt%5B%2FCOLOR%5D%5B%2FB%5D&amp;name2=&amp;version=",return)</action>
		</shortcut>
	<shortcut>
		<defaultID />
		<label>Xenon 2 Flavors</label>
		<label2>Program</label2>
		<icon>DefaultShortcut.png</icon>
		<thumb>special://home/addons/resource.images.skinicons.wide/resources/icons/flavors.gif</thumb>
		<action>ActivateWindow(Programs,"plugin://plugin.program.xenon2/?url=&amp;mode=1&amp;name=Xenon+2+Flavors&amp;icon=C%3A%5CUsers%5Cjeddi%5CAppData%5CRoaming%5CKodi%5Caddons%5Cplugin.program.xenon2%5Cresources%5Cicon.png&amp;fanart=C%3A%5CUsers%5Cjeddi%5CAppData%5CRoaming%5CKodi%5Caddons%5Cplugin.program.xenon2%5Cresources%5Cfanart.jpg&amp;description=Install+a+build.&amp;name2=&amp;version=",return)</action>
		</shortcut>
	<shortcut>
		<defaultID>plugin.program.maxql</defaultID>
		<label>4K/1080P Switch</label>
		<label2>Program</label2>
		<icon>DefaultShortcut.png</icon>
		<thumb>special://home/addons/resource.images.skinicons.wide/resources/icons/10804k.gif</thumb>
		<action>ActivateWindow(Programs,"plugin://plugin.program.maxql",return)</action>
		</shortcut>
	<shortcut>
		<defaultID />
		<label>Switch Skins</label>
		<label2>Custom item</label2>
		<icon>DefaultShortcut.png</icon>
		<thumb>special://home/addons/resource.images.skinicons.wide/resources/icons/switchskins.png</thumb>
		<action>PlayMedia("plugin://script.diggzskins/?url=url&amp;mode=1&amp;name=%2A%2AClick+here+to+Switch+skin%2A%2A+&amp;iconimage=C%3A%5CUsers%5Cjeddi%5CAppData%5CRoaming%5CKodi%5Caddons%5Cscript.diggzskins%5Cicon.png&amp;fanart=C%3A%5CUsers%5Cjeddi%5CAppData%5CRoaming%5CKodi%5Caddons%5Cscript.diggzskins%5Cfanart.jpg&amp;sf_options=winID%3D10025%26_options_sf")</action>
		</shortcut>
	<shortcut>
		<defaultID>plugin.program.chef21</defaultID>
		<label>Chef Wizard</label>
		<label2>Program</label2>
		<icon>DefaultShortcut.png</icon>
		<thumb>special://home/addons/resource.images.skinicons.wide/resources/icons/chef.png</thumb>
		<action>ActivateWindow(Programs,"plugin://plugin.program.chef21",return)</action>
		</shortcut>
	<shortcut>
		<defaultID />
		<label>Advanced Settings</label>
		<label2>Custom item</label2>
		<icon>DefaultShortcut.png</icon>
		<thumb>special://home/addons/resource.images.skinicons.wide/resources/icons/advanced.png</thumb>
		<action>PlayMedia("plugin://plugin.program.chef21/?url=&amp;mode=29&amp;name=%5BB%5D%5BCOLOR+snow%5DAdvanced+Settings+K21%5B%2FCOLOR%5D%5B%2FB%5D&amp;icon=C%3A%5CUsers%5Cjeddi%5CAppData%5CRoaming%5CKodi%5Caddons%5Cplugin.program.chef21%5Cresources%5Cicon.png&amp;fanart=C%3A%5CUsers%5Cjeddi%5CAppData%5CRoaming%5CKodi%5Caddons%5Cplugin.program.chef21%5Cresources%5Cfanart.jpg&amp;description=%5BB%5D%5BCOLOR+snow%5DA+list+of+presets+to+set+the+cache+size+based+on+your+device%27s+RAM+size.%5B%2FCOLOR%5D%5B%2FB%5D&amp;name2=&amp;version=&amp;kodi=&amp;sf_options=winID%3D10025%26_options_sf")</action>
		</shortcut>
	<shortcut>
		<defaultID />
		<label>MAINTENANCE</label>
		<label2>Program</label2>
		<icon>DefaultShortcut.png</icon>
		<thumb>special://home/addons/resource.images.skinicons.wide/resources/icons/clean.png</thumb>
		<action>ActivateWindow(Programs,"plugin://script.ezmaintenanceplus/?url=ur&amp;action=maintenance&amp;name=%5BCOLOR+white%5D%5BB%5DMAINTENANCE%5B%2FB%5D%5B%2FCOLOR%5D&amp;icon=C%3A%5CUsers%5Cjeddi%5CAppData%5CRoaming%5CKodi%5Caddons%5Cscript.ezmaintenanceplus%5Cicon.png&amp;fanart=C%3A%5CUsers%5Cjeddi%5CAppData%5CRoaming%5CKodi%5Caddons%5Cscript.ezmaintenanceplus%5Cfanart.jpg&amp;description=",return)</action>
		</shortcut>
	<shortcut>
		<defaultID>plugin.image.diggzwallpapers</defaultID>
		<label>Diggz Wallpapers</label>
		<label2>Picture Add-On</label2>
		<icon>DefaultShortcut.png</icon>
		<thumb>special://home/addons/resource.images.skinicons.wide/resources/icons/wallpapers.png</thumb>
		<action>ActivateWindow(Pictures,"plugin://plugin.image.diggzwallpapers",return)</action>
		</shortcut>
	<shortcut>
		<defaultID />
		<label>Edit Wallpapers</label>
		<label2>Picture Source</label2>
		<icon>DefaultShortcut.png</icon>
		<thumb>special://home/addons/resource.images.skinicons.wide/resources/icons/wallpaperedit.png</thumb>
		<action>ActivateWindow(Pictures,"special://home/addons/resource.images.skinbackgrounds.xenon/resources/custom/",return)</action>
		</shortcut>
	<shortcut>
		<defaultID />
		<label>Quick Updates</label>
		<label2>Program</label2>
		<icon>DefaultShortcut.png</icon>
		<thumb>special://home/addons/resource.images.skinicons.wide/resources/icons/Quick_Fix_button.png</thumb>
		<action>ActivateWindow(Programs,"plugin://plugin.program.quickfix/?url=&amp;mode=1&amp;name=Click+Here+For+Available+Fixes&amp;icon=C%3A%5CUsers%5Cjeddi%5CAppData%5CRoaming%5CKodi%5Caddons%5Cplugin.program.quickfix%5Cresources%5Cicon.png&amp;fanart=C%3A%5CUsers%5Cjeddi%5CAppData%5CRoaming%5CKodi%5Caddons%5Cplugin.program.quickfix%5Cresources%5Cfanart.jpg&amp;description=Install+a+build.&amp;name2=&amp;version=",return)</action>
		</shortcut>
	</shortcuts>
