<shortcuts>
	<shortcut>
		<defaultID />
		<label>[COLOR chartreuse]Xenon 2-Umbrella[/COLOR]</label>
		<label2>Custom item</label2>
		<icon>DefaultShortcut.png</icon>
		<thumb>image://C%3a%5cUsers%5cjeddi%5cAppData%5cRoaming%5cKodi%5caddons%5cplugin.program.chef21%5cresources%5cicon.png/</thumb>
		<action>ActivateWindow(Programs,"plugin://plugin.program.xenon2/?url=&amp;mode=1&amp;name=Xenon+2+Flavors&amp;icon=C%3A%5CUsers%5Cjeddi%5CAppData%5CRoaming%5CKodi%5Caddons%5Cplugin.program.xenon2%5Cresources%5Cicon.png&amp;fanart=C%3A%5CUsers%5Cjeddi%5CAppData%5CRoaming%5CKodi%5Caddons%5Cplugin.program.xenon2%5Cresources%5Cfanart.jpg&amp;description=Install+a+build.&amp;name2=&amp;version=",return)</action>
		</shortcut>
	<shortcut>
		<defaultID>20077</defaultID>
		<label>Xenon Settings</label>
		<label2>Settings</label2>
		<icon>Settings.png</icon>
		<thumb />
		<action>ActivateWindow(SkinSettings)</action>
		</shortcut>
	<shortcut>
		<defaultID>weather</defaultID>
		<label>12600</label>
		<label2>Weather</label2>
		<icon>DefaultShortcut.png</icon>
		<thumb />
		<action>ActivateWindow(Weather)</action>
		</shortcut>
	<shortcut>
		<defaultID />
		<label>Weather Settings</label>
		<label2>Custom item</label2>
		<icon>DefaultShortcut.png</icon>
		<thumb />
		<action>addon.opensettings(weather.openmeteo)</action>
		</shortcut>
	<shortcut>
		<defaultID>130</defaultID>
		<label>130</label>
		<label2 />
		<icon>DefaultShortcut.png</icon>
		<thumb />
		<action>ActivateWindow(SystemInfo)</action>
		</shortcut>
	<shortcut>
		<defaultID />
		<label>Reload Skin</label>
		<label2>Custom item</label2>
		<icon>DefaultShortcut.png</icon>
		<thumb />
		<action>reloadskin()</action>
		</shortcut>
	<shortcut>
		<defaultID>13200</defaultID>
		<label>13200</label>
		<label2 />
		<icon>DefaultShortcut.png</icon>
		<thumb />
		<action>ActivateWindow(Profiles)</action>
		</shortcut>
	</shortcuts>
