<shortcuts>
	<shortcut>
		<defaultID>playdisc</defaultID>
		<label>$SKIN[31958|skin.aeon.nox.silvo|None]</label>
		<label2 />
		<icon>special://skin/extras/icons/Disc.png</icon>
		<thumb />
		<action>PlayDisc</action>
		<visible>System.HasMediaDVD</visible>
		</shortcut>
	<shortcut>
		<defaultID>1036</defaultID>
		<label>1036</label>
		<label2>Favourites</label2>
		<icon>DefaultShortcut.png</icon>
		<thumb />
		<action>ActivateWindow(favouritesbrowser)</action>
		</shortcut>
	<shortcut>
		<defaultID>24001</defaultID>
		<label>24001</label>
		<label2>Settings</label2>
		<icon>DefaultShortcut.png</icon>
		<thumb />
		<action>ActivateWindow(AddonBrowser)</action>
		</shortcut>
	<shortcut>
		<defaultID>settings</defaultID>
		<label>Diggz Xenon 2</label>
		<label2>Custom item</label2>
		<icon>special://skin/extras/icons/DefaultAddonService.png</icon>
		<thumb />
		<action>ActivateWindow(Settings)</action>
		</shortcut>
	<shortcut>
		<defaultID />
		<label>Movies</label>
		<label2>Custom item</label2>
		<icon>DefaultShortcut.png</icon>
		<thumb>thumb</thumb>
		<action>ActivateWindow(Videos,"plugin://plugin.video.pov/?name=32028&amp;iconImage=movies.png&amp;mode=navigator.main&amp;action=MovieList",return)</action>
		</shortcut>
	<shortcut>
		<defaultID />
		<label>TV shows</label>
		<label2>Custom item</label2>
		<icon>DefaultShortcut.png</icon>
		<thumb>thumb</thumb>
		<action>ActivateWindow(Videos,"plugin://plugin.video.pov/?name=32029&amp;iconImage=tv.png&amp;mode=navigator.main&amp;action=TVShowList",return)</action>
		</shortcut>
	<shortcut>
		<defaultID />
		<label>Trakt TV</label>
		<label2>Custom item</label2>
		<icon>DefaultShortcut.png</icon>
		<thumb>thumb</thumb>
		<action>ActivateWindow(Videos,"plugin://plugin.video.pov/?name=32454&amp;iconImage=lists.png&amp;mode=navigator.my_content",return)</action>
		</shortcut>
	<shortcut>
		<defaultID />
		<label>Trakt Movies</label>
		<label2>Custom item</label2>
		<icon>DefaultShortcut.png</icon>
		<thumb>thumb</thumb>
		<action>ActivateWindow(Videos,"plugin://plugin.video.pov/?name=32454&amp;iconImage=lists.png&amp;mode=navigator.my_content",return)</action>
		</shortcut>
	<shortcut>
		<defaultID>videos</defaultID>
		<label>Kodi Library</label>
		<label2>Videos</label2>
		<icon>DefaultShortcut.png</icon>
		<thumb />
		<action>ActivateWindow(Videos,library://video/,return)</action>
		<disabled>True</disabled>
		</shortcut>
	<shortcut>
		<defaultID>4</defaultID>
		<label>4</label>
		<label2>TV guide</label2>
		<icon>DefaultShortcut.png</icon>
		<thumb />
		<action>ActivateWindow(TVGuide)</action>
		</shortcut>
	<shortcut>
		<defaultID />
		<label>Sports</label>
		<label2>Video Add-On</label2>
		<icon>DefaultShortcut.png</icon>
		<thumb>image://special%3a%2f%2fhome%2faddons%2fresource.images.skinicons.wide%2fresources%2ficons%2fsportscentral.png/</thumb>
		<action>ActivateWindow(Videos,"plugin://plugin.program.super.favourites/?label=SportsCentral&amp;mode=650&amp;cmd=ActivateWindow%2810025%2C%22plugin%3A%2F%2Fplugin.video.madtitansports%2Fsportjetextractors%2Fgames%2FSportsCentral%3Fsf_options%3Dmeta%253Dlabel%25253DSportsCentral%2526_options_sf%22%2Creturn%29&amp;image=special%3A%2F%2Fhome%2Faddons%2Fresource.images.skinicons.wide%2Fresources%2Ficons%2Fsportscentral.png&amp;content_type=",return)</action>
		</shortcut>
	<shortcut>
		<defaultID>plugin.audio.mp3streams</defaultID>
		<label>Music</label>
		<label2>Music Add-On</label2>
		<icon>DefaultShortcut.png</icon>
		<thumb>thumb</thumb>
		<action>ActivateWindow(Music,"plugin://plugin.audio.mp3streams",return)</action>
		</shortcut>
	<shortcut>
		<defaultID>plugin.program.iagl</defaultID>
		<label>Arcade</label>
		<label2>Video Add-On</label2>
		<icon>DefaultShortcut.png</icon>
		<thumb>thumb</thumb>
		<action>ActivateWindow(Videos,"plugin://plugin.program.iagl",return)</action>
		</shortcut>
	<shortcut>
		<defaultID>plugin.video.youtube</defaultID>
		<label>YouTube</label>
		<label2>Video Add-On</label2>
		<icon>DefaultShortcut.png</icon>
		<thumb>thumb</thumb>
		<action>ActivateWindow(Videos,"plugin://plugin.video.youtube",return)</action>
		<disabled>True</disabled>
		</shortcut>
	</shortcuts>
