<shortcuts>
	<shortcut>
		<defaultID />
		<label>Search...</label>
		<label2>Custom item</label2>
		<icon>DefaultShortcut.png</icon>
		<thumb>thumb</thumb>
		<action>ActivateWindow(Videos,"plugin://plugin.video.pov/?name=32450&amp;iconImage=search.png&amp;mode=navigator.search",return)</action>
		</shortcut>
	<shortcut>
		<defaultID />
		<label>Genres</label>
		<label2>Custom item</label2>
		<icon>DefaultShortcut.png</icon>
		<thumb>thumb</thumb>
		<action>ActivateWindow(Videos,"plugin://plugin.video.pov/?name=32470&amp;iconImage=genres.png&amp;mode=navigator.genres&amp;menu_type=movie",return)</action>
		</shortcut>
	<shortcut>
		<defaultID>plugin.video.imdb.trailers</defaultID>
		<label>IMDb Trailers</label>
		<label2>Video Add-On</label2>
		<icon>DefaultShortcut.png</icon>
		<thumb>thumb</thumb>
		<action>ActivateWindow(Videos,"plugin://plugin.video.imdb.trailers",return)</action>
		</shortcut>
	<shortcut>
		<defaultID />
		<label>1 Click Movies</label>
		<label2>Video Add-On</label2>
		<icon>DefaultShortcut.png</icon>
		<thumb>image://special%3a%2f%2fhome%2faddons%2fresource.images.skinicons.wide%2fresources%2ficons%2f1CLICK.png/</thumb>
		<action>ActivateWindow(Videos,"plugin://plugin.program.super.favourites/?label=1+Click+Movies&amp;mode=400&amp;path=special%3A%2F%2Fprofile%2Faddon_data%2Fplugin.program.super.favourites%2FSuper+Favourites%5C1+Clicks%5C1+Click+Movies&amp;image=special%3A%2F%2Fhome%2Faddons%2Fresource.images.skinicons.wide%2Fresources%2Ficons%2F1CLICK.png&amp;fanart=https%3A%2F%2Fmylostsoulspace.co.uk%2Fimages%2Fasg%2Ffanart.jpg&amp;content_type=",return)</action>
		</shortcut>
	<shortcut>
		<defaultID />
		<label>Discover Movies</label>
		<label2>Custom item</label2>
		<icon>DefaultShortcut.png</icon>
		<thumb>thumb</thumb>
		<action>ActivateWindow(Videos,"plugin://plugin.video.pov/?name=32451&amp;iconImage=discover.png&amp;mode=navigator.discover_main",return)</action>
		</shortcut>
	<shortcut>
		<defaultID />
		<label>Trending Trakt Lists</label>
		<label2>Custom item</label2>
		<icon>DefaultShortcut.png</icon>
		<thumb>thumb</thumb>
		<action>ActivateWindow(Videos,"plugin://plugin.video.pov/?mode=build_trakt_list.get_trakt_trending_popular_lists&amp;list_type=trending&amp;name=Trending+User+Lists&amp;iconImage=C%3A%5CUsers%5Cjeddi%5CAppData%5CRoaming%5CKodi%5Caddons%5Cplugin.video.pov%5Cresources%5Cmedia%5Ctrakt.png",return)</action>
		</shortcut>
	<shortcut>
		<defaultID />
		<label>Search Trakt Lists</label>
		<label2>Custom item</label2>
		<icon>DefaultShortcut.png</icon>
		<thumb>thumb</thumb>
		<action>ActivateWindow(10025,"plugin://plugin.video.pov/?iconImage=C%3a%5cUsers%5cjeddi%5cAppData%5cRoaming%5cKodi%5caddons%5cplugin.video.pov%5cresources%5cmedia%5ctrakt.png&amp;mode=build_trakt_list.search_trakt_lists&amp;name=Search%20Lists",return)</action>
		</shortcut>
	<shortcut>
		<defaultID />
		<label>Anime</label>
		<label2>Video Add-On</label2>
		<icon>DefaultShortcut.png</icon>
		<thumb>image://C%3a%5cUsers%5cjeddi%5cAppData%5cRoaming%5cKodi%5caddons%5cplugin.video.pov%5cresources%5cmedia%5cgenres.png/</thumb>
		<action>ActivateWindow(Videos,"plugin://plugin.video.pov/?name=Anime&amp;iconImage=genres.png&amp;mode=navigator.anime",return)</action>
		</shortcut>
	<shortcut>
		<defaultID />
		<label>Movie Services</label>
		<label2>Video Add-On</label2>
		<icon>DefaultShortcut.png</icon>
		<thumb>thumb</thumb>
		<action>ActivateWindow(Videos,"plugin://plugin.video.themoviedb.helper/?info=watch_providers&amp;tmdb_type=movie&amp;widget=true&amp;reload=$INFO[Window(Home).Property(TMDbHelper.Widgets.Reload)]&amp;reload=$INFO[Window(Home).Property(TMDbHelper.Widgets.Reload)]",return)</action>
		</shortcut>
	<shortcut>
		<defaultID />
		<label>Movie Boxsets</label>
		<label2>Video Add-On</label2>
		<icon>DefaultShortcut.png</icon>
		<thumb>image://special%3a%2f%2fhome%2faddons%2fresource.images.skinicons.wide%2fresources%2ficons%2fboxsets.png/</thumb>
		<action>ActivateWindow(Videos,"plugin://plugin.program.super.favourites/?label=Movie+Boxsets&amp;mode=400&amp;path=special%3A%2F%2Fprofile%2Faddon_data%2Fplugin.program.super.favourites%2FSuper+Favourites%5CBoxsets%5CMovie+Boxsets&amp;image=special%3A%2F%2Fhome%2Faddons%2Fresource.images.skinicons.wide%2Fresources%2Ficons%2Fboxsets.png&amp;fanart=special%3A%2F%2Fhome%2Faddons%5Cscript.thecrew.artwork%5Cresources%5Cmedia%5Cthecrew%5Cfanart.jpg&amp;content_type=",return)</action>
		</shortcut>
	<shortcut>
		<defaultID />
		<label>Dolby Vision</label>
		<label2>Video Add-On</label2>
		<icon>DefaultShortcut.png</icon>
		<thumb>image://special%3a%2f%2fhome%2faddons%2fresource.images.skinicons.wide%2fresources%2ficons%2fdolby.png/</thumb>
		<action>ActivateWindow(Videos,"plugin://plugin.program.super.favourites/?label=Dolby+Vision&amp;mode=400&amp;path=special%3A%2F%2Fprofile%2Faddon_data%2Fplugin.program.super.favourites%2FSuper+Favourites%5CDolby+Vision&amp;image=special%3A%2F%2Fhome%2Faddons%2Fresource.images.skinicons.wide%2Fresources%2Ficons%2Fdolby.png&amp;fanart=C%3A%5CUsers%5Cjeddi%5CAppData%5CRoaming%5CKodi%5Caddons%5Cplugin.program.super.favourites%5Cfanart.jpg&amp;content_type=",return)</action>
		</shortcut>
	<shortcut>
		<defaultID />
		<label>3D Movies</label>
		<label2>Video Add-On</label2>
		<icon>DefaultShortcut.png</icon>
		<thumb>image://special%3a%2f%2fhome%2faddons%2fresource.images.skinicons.wide%2fresources%2ficons%2f3d-logo-1.png/</thumb>
		<action>ActivateWindow(Videos,"plugin://plugin.program.super.favourites/?label=3D+Movies&amp;mode=400&amp;path=special%3A%2F%2Fprofile%2Faddon_data%2Fplugin.program.super.favourites%2FSuper+Favourites%5C3D+Movies&amp;image=special%3A%2F%2Fhome%2Faddons%2Fresource.images.skinicons.wide%2Fresources%2Ficons%2F3d-logo-1.png&amp;fanart=special%3A%2F%2Fhome%2Faddons%5Cplugin.video.unleashed%5Cresources%5Cartwork%2Ffanart1.jpg&amp;content_type=",return)</action>
		</shortcut>
	</shortcuts>
