<shortcuts>
	<shortcut>
		<defaultID>plugin.video.themoviedb.helper</defaultID>
		<label>TMDb Helper</label>
		<label2>Video Add-On</label2>
		<icon>DefaultShortcut.png</icon>
		<thumb>special://home/addons/resource.images.skinicons.wide/resources/icons/tmdbh.png</thumb>
		<action>ActivateWindow(Videos,"plugin://plugin.video.themoviedb.helper",return)</action>
		</shortcut>
	<shortcut>
		<defaultID />
		<label>Fen Light Anime</label>
		<label2>Video Add-On</label2>
		<icon>DefaultShortcut.png</icon>
		<thumb>image://https%3a%2f%2fi.imgur.com%2f52QtOjB.png/</thumb>
		<action>ActivateWindow(Videos,"plugin://plugin.video.fenlight/?name=Anime&amp;iconImage=https%3A%2F%2Fi.imgur.com%2F52QtOjB.png&amp;mode=navigator.main&amp;action=AnimeList",return)</action>
		</shortcut>
	<shortcut>
		<defaultID />
		<label>Latest TV Shows</label>
		<label2>Custom item</label2>
		<icon>DefaultShortcut.png</icon>
		<thumb>special://home/addons/resource.images.skinicons.wide/resources/icons/newreleases.png</thumb>
		<action>ActivateWindow(Videos,"plugin://plugin.video.fenlight/?mode=trakt.list.build_trakt_list&amp;user=garycrawfordgc&amp;slug=latest-tv-shows&amp;list_type=user_lists&amp;list_name=Latest+TV+Shows",return)</action>
		</shortcut>
	<shortcut>
		<defaultID />
		<label>TV Providers</label>
		<label2>Custom item</label2>
		<icon>DefaultShortcut.png</icon>
		<thumb>special://home/addons/resource.images.skinicons.wide/resources/icons/providers.gif</thumb>
		<action>ActivateWindow(Videos,"plugin://plugin.video.fenlight/?name=Providers&amp;iconImage=https%3A%2F%2Fi.imgur.com%2FncriWoB.png&amp;mode=navigator.providers&amp;menu_type=tvshow&amp;random_support=true",return)</action>
		</shortcut>
	<shortcut>
		<defaultID />
		<label>TV Show Portal</label>
		<label2>Custom item</label2>
		<icon>DefaultShortcut.png</icon>
		<thumb>special://home/addons/resource.images.skinicons.wide/resources/icons/warp.gif</thumb>
		<action>RunScript(script.extendedinfo,info=alltvshows)</action>
		</shortcut>
	<shortcut>
		<defaultID />
		<label>FEN Light TV</label>
		<label2>Video Add-On</label2>
		<icon>DefaultShortcut.png</icon>
		<thumb>special://home/addons/resource.images.skinicons.wide/resources/icons/fenlight.png</thumb>
		<action>ActivateWindow(Videos,"plugin://plugin.video.fenlight/?name=32029&amp;iconImage=tv&amp;mode=navigator.main&amp;action=TVShowList",return)</action>
		</shortcut>
	<shortcut>
		<defaultID />
		<label>Seren TV</label>
		<label2>Video Add-On</label2>
		<icon>DefaultShortcut.png</icon>
		<thumb>special://home/addons/resource.images.skinicons.wide/resources/icons/seren.jpg</thumb>
		<action>ActivateWindow(Videos,"plugin://plugin.video.seren/?action=showsHome",return)</action>
		</shortcut>
	<shortcut>
		<defaultID />
		<label>Umbrella TV</label>
		<label2>Video Add-On</label2>
		<icon>DefaultShortcut.png</icon>
		<thumb>special://home/addons/resource.images.skinicons.wide/resources/icons/umbrella.png</thumb>
		<action>ActivateWindow(Videos,"plugin://plugin.video.umbrella/?action=tvNavigator&amp;folderName=Discover+TV+Shows",return)</action>
		</shortcut>
	<shortcut>
		<defaultID />
		<label>The Coalition TV</label>
		<label2>Video Add-On</label2>
		<icon>DefaultShortcut.png</icon>
		<thumb>special://home/addons/resource.images.skinicons.wide/resources/icons/coalition.png</thumb>
		<action>ActivateWindow(Videos,"plugin://plugin.video.coalition/?name=32029&amp;iconImage=tv.png&amp;mode=navigator.main&amp;action=TVShowList",return)</action>
		<disabled>True</disabled>
		</shortcut>
	<shortcut>
		<defaultID />
		<label>POV TV</label>
		<label2>Video Add-On</label2>
		<icon>DefaultShortcut.png</icon>
		<thumb>special://home/addons/resource.images.skinicons.wide/resources/icons/pov.png</thumb>
		<action>ActivateWindow(Videos,"plugin://plugin.video.pov/?name=32029&amp;iconImage=tv.png&amp;mode=navigator.main&amp;action=TVShowList",return)</action>
		</shortcut>
	<shortcut>
		<defaultID>plugin.video.thechains</defaultID>
		<label>Chain Reaction</label>
		<label2>Video Add-On</label2>
		<icon>DefaultShortcut.png</icon>
		<thumb>special://home/addons/resource.images.skinicons.wide/resources/icons/chains.png</thumb>
		<action>ActivateWindow(Videos,"plugin://plugin.video.thechains",return)</action>
		</shortcut>
	<shortcut>
		<defaultID />
		<label>The Crew TV</label>
		<label2>Video Add-On</label2>
		<icon>DefaultShortcut.png</icon>
		<thumb>special://home/addons/resource.images.skinicons.wide/resources/icons/crew.png</thumb>
		<action>ActivateWindow(Videos,"plugin://plugin.video.thecrew/?action=tvNavigator",return)</action>
		</shortcut>
	<shortcut>
		<defaultID>plugin.video.asgard</defaultID>
		<label>Asgard</label>
		<label2>Video Add-On</label2>
		<icon>DefaultShortcut.png</icon>
		<thumb>special://home/addons/resource.images.skinicons.wide/resources/icons/asgard.png</thumb>
		<action>ActivateWindow(Videos,"plugin://plugin.video.asgard",return)</action>
		<disabled>True</disabled>
		</shortcut>
	<shortcut>
		<defaultID />
		<label>Pluto TV</label>
		<label2>Video Add-On</label2>
		<icon>DefaultShortcut.png</icon>
		<thumb>special://home/addons/resource.images.skinicons.wide/resources/icons/pluto.png</thumb>
		<action>ActivateWindow(Videos,"plugin://slyguy.pluto.tv.provider/?_=live_tv&amp;code=us",return)</action>
		</shortcut>
	<shortcut>
		<defaultID />
		<label>Crackle TV</label>
		<label2>Video Add-On</label2>
		<icon>DefaultShortcut.png</icon>
		<thumb>special://home/addons/resource.images.skinicons.wide/resources/icons/crackle.png</thumb>
		<action>ActivateWindow(Videos,"plugin://plugin.video.crackle/?id=shows&amp;mode=99",return)</action>
		</shortcut>
	<shortcut>
		<defaultID>plugin.video.tubitv</defaultID>
		<label>TubiTV</label>
		<label2>Video Add-On</label2>
		<icon>DefaultShortcut.png</icon>
		<thumb>special://home/addons/resource.images.skinicons.wide/resources/icons/tubi.png</thumb>
		<action>ActivateWindow(Videos,"plugin://plugin.video.tubitv",return)</action>
		</shortcut>
	<shortcut>
		<defaultID>slyguy.curiositystream</defaultID>
		<label>CuriosityStream</label>
		<label2>Video Add-On</label2>
		<icon>DefaultShortcut.png</icon>
		<thumb>special://home/addons/resource.images.skinicons.wide/resources/icons/curiosity.png</thumb>
		<action>ActivateWindow(Videos,"plugin://slyguy.curiositystream",return)</action>
		</shortcut>
	<shortcut>
		<defaultID />
		<label>Samsung TV</label>
		<label2>Video Add-On</label2>
		<icon>DefaultShortcut.png</icon>
		<thumb>special://home/addons/resource.images.skinicons.wide/resources/icons/samsungtv.png</thumb>
		<action>ActivateWindow(Videos,"plugin://slyguy.samsung.tv.plus/?_=live_tv&amp;code=us",return)</action>
		</shortcut>
	</shortcuts>
