<shortcuts>
	<shortcut>
		<defaultID />
		<label>Search...</label>
		<label2>Custom item</label2>
		<icon>DefaultShortcut.png</icon>
		<thumb>thumb</thumb>
		<action>ActivateWindow(Videos,"plugin://plugin.video.fenlight/?name=32450&amp;iconImage=search&amp;mode=navigator.search",return)</action>
		</shortcut>
	<shortcut>
		<defaultID />
		<label>Genres</label>
		<label2>Custom item</label2>
		<icon>DefaultShortcut.png</icon>
		<thumb>thumb</thumb>
		<action>ActivateWindow(Videos,"plugin://plugin.video.fenlight/?name=32470&amp;iconImage=genres&amp;mode=navigator.genres&amp;menu_type=movie",return)</action>
		</shortcut>
	<shortcut>
		<defaultID />
		<label>Years</label>
		<label2>Video Add-On</label2>
		<icon>DefaultShortcut.png</icon>
		<thumb>image://https%3a%2f%2fi.imgur.com%2ffN4GQmO.png/</thumb>
		<action>ActivateWindow(Videos,"plugin://plugin.video.fenlight/?name=Years&amp;iconImage=https%3A%2F%2Fi.imgur.com%2FfN4GQmO.png&amp;mode=navigator.years&amp;menu_type=movie&amp;random_support=true",return)</action>
		</shortcut>
	<shortcut>
		<defaultID>traktpubliclists</defaultID>
		<label>Trakt Public Lists</label>
		<label2>Favourite</label2>
		<icon>DefaultFolder.png</icon>
		<thumb>C:\Users\jeddi\AppData\Roaming\Kodi\addons\plugin.video.fenlight\resources\media\icons\trakt.png</thumb>
		<action>ActivateWindow(10025,"plugin://plugin.video.fenlight/?iconImage=C%3a%5cUsers%5cjeddi%5cAppData%5cRoaming%5cKodi%5caddons%5cplugin.video.fenlight%5cresources%5cmedia%5cicons%5ctrakt.png&amp;mode=navigator.trakt_lists_public",return)</action>
		</shortcut>
	<shortcut>
		<defaultID />
		<label>Decades</label>
		<label2>Video Add-On</label2>
		<icon>DefaultShortcut.png</icon>
		<thumb>image://https%3a%2f%2fi.imgur.com%2f2OJn9MC.png/</thumb>
		<action>ActivateWindow(Videos,"plugin://plugin.video.fenlight/?name=Decades&amp;iconImage=https%3A%2F%2Fi.imgur.com%2F2OJn9MC.png&amp;mode=navigator.decades&amp;menu_type=movie&amp;random_support=true",return)</action>
		</shortcut>
	<shortcut>
		<defaultID />
		<label>Certifications</label>
		<label2>Video Add-On</label2>
		<icon>DefaultShortcut.png</icon>
		<thumb>image://https%3a%2f%2fi.imgur.com%2faHv21HF.png/</thumb>
		<action>ActivateWindow(Videos,"plugin://plugin.video.fenlight/?name=Certifications&amp;iconImage=https%3A%2F%2Fi.imgur.com%2FaHv21HF.png&amp;mode=navigator.certifications&amp;menu_type=movie&amp;random_support=true",return)</action>
		</shortcut>
	<shortcut>
		<defaultID />
		<label>Fen Favorites</label>
		<label2>Video Add-On</label2>
		<icon>DefaultShortcut.png</icon>
		<thumb>image://https%3a%2f%2fi.imgur.com%2fpmyCOx7.png/</thumb>
		<action>ActivateWindow(Videos,"plugin://plugin.video.fenlight/?mode=build_movie_list&amp;action=favorites_movies&amp;name=Movies&amp;iconImage=https%3A%2F%2Fi.imgur.com%2FpmyCOx7.png",return)</action>
		</shortcut>
	<shortcut>
		<defaultID>plugin.video.imdb.trailers</defaultID>
		<label>IMDb Trailers</label>
		<label2>Video Add-On</label2>
		<icon>DefaultShortcut.png</icon>
		<thumb>thumb</thumb>
		<action>ActivateWindow(Videos,"plugin://plugin.video.imdb.trailers",return)</action>
		</shortcut>
	<shortcut>
		<defaultID />
		<label>Discover Movies</label>
		<label2>Custom item</label2>
		<icon>DefaultShortcut.png</icon>
		<thumb>thumb</thumb>
		<action>ActivateWindow(Videos,"plugin://plugin.video.fenlight/?mode=navigator.discover_contents&amp;media_type=movie&amp;iconImage=https%3A%2F%2Fi.imgur.com%2FpmyCOx7.png",return)</action>
		</shortcut>
	<shortcut>
		<defaultID />
		<label>Movie Services</label>
		<label2>Custom item</label2>
		<icon>DefaultShortcut.png</icon>
		<thumb>thumb</thumb>
		<action>ActivateWindow(Videos,"plugin://plugin.video.fenlight/?name=Providers&amp;iconImage=https%3A%2F%2Fi.imgur.com%2FncriWoB.png&amp;mode=navigator.providers&amp;menu_type=movie&amp;random_support=true",return)</action>
		</shortcut>
	<shortcut>
		<defaultID />
		<label>Search Trakt Lists</label>
		<label2>Custom item</label2>
		<icon>DefaultShortcut.png</icon>
		<thumb>thumb</thumb>
		<action>ActivateWindow(Videos,"plugin://plugin.video.fenlight/?mode=navigator.search_history&amp;action=trakt_lists&amp;iconImage=https%3A%2F%2Fi.imgur.com%2FowsADQ4.png",return)</action>
		</shortcut>
	<shortcut>
		<defaultID />
		<label>FEN Downloads</label>
		<label2>Video Add-On</label2>
		<icon>DefaultShortcut.png</icon>
		<thumb>image://https%3a%2f%2fi.imgur.com%2fKkNYKy6.png/</thumb>
		<action>ActivateWindow(Videos,"plugin://plugin.video.fenlight/?name=32107&amp;iconImage=downloads&amp;mode=navigator.downloads",return)</action>
		</shortcut>
	<shortcut>
		<defaultID />
		<label>FEN Tools</label>
		<label2>Video Add-On</label2>
		<icon>DefaultShortcut.png</icon>
		<thumb>image://https%3a%2f%2fi.imgur.com%2f4xBbqSw.png/</thumb>
		<action>ActivateWindow(Videos,"plugin://plugin.video.fenlight/?name=32456&amp;iconImage=settings2&amp;mode=navigator.tools",return)</action>
		</shortcut>
	</shortcuts>
