<shortcuts>
	<shortcut>
		<defaultID />
		<label>Install TV Guide</label>
		<label2>Custom item</label2>
		<icon>DefaultShortcut.png</icon>
		<thumb />
		<action>ActivateWindow(Programs,"plugin://plugin.program.iptv.merge/?_=setup",return)</action>
		</shortcut>
	<shortcut>
		<defaultID>4</defaultID>
		<label>TV guide (PVR)</label>
		<label2>TV guide</label2>
		<icon>DefaultShortcut.png</icon>
		<thumb />
		<action>ActivateWindow(TVGuide)</action>
		</shortcut>
	<shortcut>
		<defaultID>19023</defaultID>
		<label>TV channels (PVR)</label>
		<label2>TV channels</label2>
		<icon>DefaultShortcut.png</icon>
		<thumb />
		<action>ActivateWindow(TVChannels)</action>
		</shortcut>
	<shortcut>
		<defaultID />
		<label>News Live</label>
		<label2>Video Add-On</label2>
		<icon>DefaultShortcut.png</icon>
		<thumb>image://special%3a%2f%2fhome%2faddons%2fresource.images.skinicons.wide%2fresources%2ficons%2fnews.png/</thumb>
		<action>ActivateWindow(Videos,"plugin://plugin.program.super.favourites/?label=News+Live+And+Local&amp;mode=400&amp;path=special%3A%2F%2Fprofile%2Faddon_data%2Fplugin.program.super.favourites%2FSuper+Favourites%5CNews+Live+And+Local&amp;image=special%3A%2F%2Fhome%2Faddons%2Fresource.images.skinicons.wide%2Fresources%2Ficons%2Fnews.png&amp;fanart=special%3A%2F%2Fhome%2Faddons%5Cplugin.program.super.favourites%5Cfanart.jpg&amp;content_type=",return)</action>
		</shortcut>
	<shortcut>
		<defaultID />
		<label>24-7 TV</label>
		<label2>Video Add-On</label2>
		<icon>DefaultShortcut.png</icon>
		<thumb>image://special%3a%2f%2fhome%2faddons%2fresource.images.skinicons.wide%2fresources%2ficons%2f247.png/</thumb>
		<action>ActivateWindow(Videos,"plugin://plugin.program.super.favourites/?label=24-7&amp;mode=400&amp;path=special%3A%2F%2Fprofile%2Faddon_data%2Fplugin.program.super.favourites%2FSuper+Favourites%5C24-7&amp;image=special%3A%2F%2Fhome%2Faddons%2Fresource.images.skinicons.wide%2Fresources%2Ficons%2F247.png&amp;fanart=special%3A%2F%2Fhome%2Faddons%5Cplugin.video.halcyon%5Cfanart.jpg&amp;content_type=",return)</action>
		</shortcut>
	<shortcut>
		<defaultID>runmerge</defaultID>
		<label>Update TV Guide</label>
		<label2>Favourite</label2>
		<icon>DefaultFolder.png</icon>
		<thumb>C:\Users\jeddi\AppData\Roaming\Kodi\addons\plugin.program.iptv.merge\icon.png</thumb>
		<action>ActivateWindow(10001,"plugin://plugin.program.iptv.merge/?_=merge",return)</action>
		</shortcut>
	</shortcuts>
