<shortcuts>
	<shortcut>
		<defaultID />
		<label>Watchlist</label>
		<label2>Video Add-On</label2>
		<icon>DefaultShortcut.png</icon>
		<thumb>image://C%3a%5cUsers%5cjeddi%5cAppData%5cRoaming%5cKodi%5caddons%5cplugin.video.seren%5c%2fresources%2fimages%2ficons%2fmovies_watched.png/</thumb>
		<action>ActivateWindow(Videos,"plugin://plugin.video.seren/?action=moviesMyWatchlist",return)</action>
		</shortcut>
	<shortcut>
		<defaultID />
		<label>Collection</label>
		<label2>Video Add-On</label2>
		<icon>DefaultShortcut.png</icon>
		<thumb>image://C%3a%5cUsers%5cjeddi%5cAppData%5cRoaming%5cKodi%5caddons%5cplugin.video.seren%5c%2fresources%2fimages%2ficons%2fmovies_collected.png/</thumb>
		<action>ActivateWindow(Videos,"plugin://plugin.video.seren/?action=moviesMyCollection",return)</action>
		</shortcut>
	<shortcut>
		<defaultID />
		<label>Finish Watching</label>
		<label2>Video Add-On</label2>
		<icon>DefaultShortcut.png</icon>
		<thumb>image://C%3a%5cUsers%5cjeddi%5cAppData%5cRoaming%5cKodi%5caddons%5cplugin.video.seren%5c%2fresources%2fimages%2ficons%2fmovies_progress.png/</thumb>
		<action>ActivateWindow(Videos,"plugin://plugin.video.seren/?action=onDeckMovies",return)</action>
		</shortcut>
	<shortcut>
		<defaultID />
		<label>My Movie Lists</label>
		<label2>Video Add-On</label2>
		<icon>DefaultShortcut.png</icon>
		<thumb>image://C%3a%5cUsers%5cjeddi%5cAppData%5cRoaming%5cKodi%5caddons%5cplugin.video.seren%5c%2fresources%2fimages%2ficons%2flist_trakt.png/</thumb>
		<action>ActivateWindow(Videos,"plugin://plugin.video.seren/?action=myTraktLists&amp;mediatype=movies",return)</action>
		</shortcut>
	<shortcut>
		<defaultID />
		<label>My Liked Movie Lists</label>
		<label2>Video Add-On</label2>
		<icon>DefaultShortcut.png</icon>
		<thumb>image://C%3a%5cUsers%5cjeddi%5cAppData%5cRoaming%5cKodi%5caddons%5cplugin.video.seren%5c%2fresources%2fimages%2ficons%2flist_liked.png/</thumb>
		<action>ActivateWindow(Videos,"plugin://plugin.video.seren/?action=myLikedLists&amp;mediatype=movies",return)</action>
		</shortcut>
	<shortcut>
		<defaultID />
		<label>My Watched Movies</label>
		<label2>Video Add-On</label2>
		<icon>DefaultShortcut.png</icon>
		<thumb>image://C%3a%5cUsers%5cjeddi%5cAppData%5cRoaming%5cKodi%5caddons%5cplugin.video.seren%5c%2fresources%2fimages%2ficons%2fmovies_watched.png/</thumb>
		<action>ActivateWindow(Videos,"plugin://plugin.video.seren/?action=myWatchedMovies",return)</action>
		</shortcut>
	<shortcut>
		<defaultID />
		<label>Search Lists</label>
		<label2>Video Add-On</label2>
		<icon>DefaultShortcut.png</icon>
		<thumb>thumb</thumb>
		<action>ActivateWindow(Videos,"plugin://plugin.video.themoviedb.helper/?info=trakt_searchlists&amp;tmdb_type=both&amp;widget=true&amp;reload=$INFO[Window(Home).Property(TMDbHelper.Widgets.Reload)]&amp;reload=$INFO[Window(Home).Property(TMDbHelper.Widgets.Reload)]",return)</action>
		</shortcut>
	<shortcut>
		<defaultID />
		<label>Your Lists</label>
		<label2>Video Add-On</label2>
		<icon>DefaultShortcut.png</icon>
		<thumb>thumb</thumb>
		<action>ActivateWindow(Videos,"plugin://plugin.video.themoviedb.helper/?info=trakt_mylists&amp;tmdb_type=both&amp;widget=true&amp;reload=$INFO[Window(Home).Property(TMDbHelper.Widgets.Reload)]&amp;reload=$INFO[Window(Home).Property(TMDbHelper.Widgets.Reload)]",return)</action>
		</shortcut>
	<shortcut>
		<defaultID />
		<label>Recommended For You</label>
		<label2>Video Add-On</label2>
		<icon>DefaultShortcut.png</icon>
		<thumb>image://C%3a%5cUsers%5cjeddi%5cAppData%5cRoaming%5cKodi%5caddons%5cplugin.video.seren%5c%2fresources%2fimages%2ficons%2fmovies_recommended.png/</thumb>
		<action>ActivateWindow(Videos,"plugin://plugin.video.seren/?action=moviesRecommended",return)</action>
		</shortcut>
	<shortcut>
		<defaultID />
		<label>Trakt Manager</label>
		<label2>Video Add-On</label2>
		<icon>DefaultShortcut.png</icon>
		<thumb>image://C%3a%5cUsers%5cjeddi%5cAppData%5cRoaming%5cKodi%5caddons%5cplugin.video.umbrella%5cresources%5cartwork%5cumbrella%5ctools.png/</thumb>
		<action>ActivateWindow(Videos,"plugin://plugin.video.umbrella/?action=tools_traktToolsNavigator&amp;folderName=Trakt+Management+Tools",return)</action>
		</shortcut>
	</shortcuts>
