<shortcuts>
	<shortcut>
		<defaultID />
		<label>Watchlist</label>
		<label2>Custom item</label2>
		<icon>DefaultShortcut.png</icon>
		<thumb>thumb</thumb>
		<action>ActivateWindow(Videos,"plugin://plugin.video.pov/?mode=build_movie_list&amp;action=trakt_watchlist&amp;name=Movies&amp;iconImage=C%3A%5CUsers%5Cjeddi%5CAppData%5CRoaming%5CKodi%5Caddons%5Cplugin.video.pov%5Cresources%5Cmedia%5Ctrakt.png",return)</action>
		</shortcut>
	<shortcut>
		<defaultID />
		<label>Collection</label>
		<label2>Custom item</label2>
		<icon>DefaultShortcut.png</icon>
		<thumb>thumb</thumb>
		<action>ActivateWindow(Videos,"plugin://plugin.video.pov/?mode=build_movie_list&amp;action=trakt_collection&amp;name=Movies&amp;iconImage=C%3A%5CUsers%5Cjeddi%5CAppData%5CRoaming%5CKodi%5Caddons%5Cplugin.video.pov%5Cresources%5Cmedia%5Ctrakt.png",return)</action>
		</shortcut>
	<shortcut>
		<defaultID />
		<label>Your Trakt Lists</label>
		<label2>Video Add-On</label2>
		<icon>DefaultShortcut.png</icon>
		<thumb>image://C%3a%5cUsers%5cjeddi%5cAppData%5cRoaming%5cKodi%5caddons%5cplugin.video.pov%5cresources%5cmedia%5ctrakt.png/</thumb>
		<action>ActivateWindow(Videos,"plugin://plugin.video.pov/?mode=navigator.trakt_lists&amp;name=Lists&amp;iconImage=C%3A%5CUsers%5Cjeddi%5CAppData%5CRoaming%5CKodi%5Caddons%5Cplugin.video.pov%5Cresources%5Cmedia%5Ctrakt.png",return)</action>
		</shortcut>
	<shortcut>
		<defaultID />
		<label>In Progress Movies</label>
		<label2>Video Add-On</label2>
		<icon>DefaultShortcut.png</icon>
		<thumb>image://C%3a%5cUsers%5cjeddi%5cAppData%5cRoaming%5cKodi%5caddons%5cplugin.video.pov%5cresources%5cmedia%5cplayer.png/</thumb>
		<action>ActivateWindow(Videos,"plugin://plugin.video.pov/?name=32476&amp;iconImage=player.png&amp;mode=build_movie_list&amp;action=in_progress_movies",return)</action>
		</shortcut>
	<shortcut>
		<defaultID />
		<label>Watched</label>
		<label2>Video Add-On</label2>
		<icon>DefaultShortcut.png</icon>
		<thumb>image://C%3a%5cUsers%5cjeddi%5cAppData%5cRoaming%5cKodi%5caddons%5cplugin.video.pov%5cresources%5cmedia%5cwatched.png/</thumb>
		<action>ActivateWindow(Videos,"plugin://plugin.video.pov/?name=32475&amp;iconImage=watched.png&amp;mode=build_movie_list&amp;action=watched_movies",return)</action>
		</shortcut>
	<shortcut>
		<defaultID />
		<label>Recommended</label>
		<label2>Custom item</label2>
		<icon>DefaultShortcut.png</icon>
		<thumb>thumb</thumb>
		<action>ActivateWindow(Videos,"plugin://plugin.video.pov/?name=32474&amp;iconImage=because_you_watched.png&amp;mode=navigator.because_you_watched&amp;menu_type=movie",return)</action>
		</shortcut>
	<shortcut>
		<defaultID />
		<label>Search Lists</label>
		<label2>Custom item</label2>
		<icon>DefaultShortcut.png</icon>
		<thumb>thumb</thumb>
		<action>ActivateWindow(10025,"plugin://plugin.video.pov/?iconImage=C%3a%5cUsers%5cjeddi%5cAppData%5cRoaming%5cKodi%5caddons%5cplugin.video.pov%5cresources%5cmedia%5ctrakt.png&amp;mode=build_trakt_list.search_trakt_lists&amp;name=Search%20Lists",return)</action>
		</shortcut>
	<shortcut>
		<defaultID />
		<label>POV Movie Favs</label>
		<label2>Custom item</label2>
		<icon>DefaultShortcut.png</icon>
		<thumb>thumb</thumb>
		<action>ActivateWindow(Videos,"plugin://plugin.video.pov/?mode=build_movie_list&amp;action=favourites_movies&amp;name=Movies&amp;iconImage=C%3A%5CUsers%5Cjeddi%5CAppData%5CRoaming%5CKodi%5Caddons%5Cplugin.video.pov%5Cresources%5Cmedia%5Cmovies.png",return)</action>
		</shortcut>
	</shortcuts>
