<shortcuts>
	<shortcut>
		<defaultID />
		<label>[B]Sign In[/B]</label>
		<label2>Video Add-On</label2>
		<icon>DefaultShortcut.png</icon>
		<thumb>image://special%3a%2f%2fhome%2faddons%2fplugin.video.youtube%2fresources%2fmedia%2fsign_in.png/</thumb>
		<action>ActivateWindow(Videos,"plugin://plugin.video.youtube/sign/in/?category_label=Sign+In",return)</action>
		</shortcut>
	<shortcut>
		<defaultID />
		<label>Search</label>
		<label2>Video Add-On</label2>
		<icon>DefaultShortcut.png</icon>
		<thumb>image://special%3a%2f%2fhome%2faddons%2fplugin.video.youtube%2fresources%2fmedia%2fsearch.png/</thumb>
		<action>ActivateWindow(Videos,"plugin://plugin.video.youtube/kodion/search/list/?category_label=Search",return)</action>
		</shortcut>
	<shortcut>
		<defaultID />
		<label>Trending</label>
		<label2>Video Add-On</label2>
		<icon>DefaultShortcut.png</icon>
		<thumb>image://special%3a%2f%2fhome%2faddons%2fplugin.video.youtube%2fresources%2fmedia%2ftrending.png/</thumb>
		<action>ActivateWindow(Videos,"plugin://plugin.video.youtube/special/popular_right_now/?category_label=Trending",return)</action>
		</shortcut>
	<shortcut>
		<defaultID />
		<label>Live On Youtube</label>
		<label2>Video Add-On</label2>
		<icon>DefaultShortcut.png</icon>
		<thumb>image://special%3a%2f%2fhome%2faddons%2fplugin.video.youtube%2fresources%2fmedia%2flive.png/</thumb>
		<action>ActivateWindow(Videos,"plugin://plugin.video.youtube/special/live/?category_label=Live",return)</action>
		</shortcut>
	<shortcut>
		<defaultID />
		<label>Completed Live</label>
		<label2>Video Add-On</label2>
		<icon>DefaultShortcut.png</icon>
		<thumb>image://special%3a%2f%2fhome%2faddons%2fplugin.video.youtube%2fresources%2fmedia%2flive.png/</thumb>
		<action>ActivateWindow(Videos,"plugin://plugin.video.youtube/special/completed_live/?category_label=Completed+Live",return)</action>
		</shortcut>
	<shortcut>
		<defaultID />
		<label>Upcoming Live</label>
		<label2>Video Add-On</label2>
		<icon>DefaultShortcut.png</icon>
		<thumb>image://special%3a%2f%2fhome%2faddons%2fplugin.video.youtube%2fresources%2fmedia%2flive.png/</thumb>
		<action>ActivateWindow(Videos,"plugin://plugin.video.youtube/special/upcoming_live/?category_label=Upcoming+Live",return)</action>
		</shortcut>
	<shortcut>
		<defaultID />
		<label>Switch User</label>
		<label2>Video Add-On</label2>
		<icon>DefaultShortcut.png</icon>
		<thumb>image://special%3a%2f%2fhome%2faddons%2fplugin.video.youtube%2fresources%2fmedia%2fchannel.png/</thumb>
		<action>ActivateWindow(Videos,"plugin://plugin.video.youtube/users/switch/?category_label=Switch+User",return)</action>
		</shortcut>
	<shortcut>
		<defaultID />
		<label>Setup Wizard</label>
		<label2>Video Add-On</label2>
		<icon>DefaultShortcut.png</icon>
		<thumb>image://special%3a%2f%2fhome%2faddons%2fplugin.video.youtube%2fresources%2fmedia%2fsettings.png/</thumb>
		<action>ActivateWindow(Videos,"plugin://plugin.video.youtube/config/setup_wizard/?category_label=Setup+Wizard",return)</action>
		</shortcut>
	<shortcut>
		<defaultID />
		<label>Youtube Settings</label>
		<label2>Custom item</label2>
		<icon>DefaultShortcut.png</icon>
		<thumb />
		<action>addon.opensettings(plugin.video.youtube)</action>
		</shortcut>
	</shortcuts>
