<shortcuts>
	<shortcut>
		<defaultID>plugin.audio.pandoki</defaultID>
		<label>Pandoki (US)</label>
		<label2>Music Add-On</label2>
		<icon>DefaultShortcut.png</icon>
		<thumb>special://home/addons/resource.images.skinicons.wide/resources/icons/pandora.png</thumb>
		<action>ActivateWindow(Music,"plugin://plugin.audio.pandoki",return)</action>
		</shortcut>
	<shortcut>
		<defaultID />
		<label>Pluto Music</label>
		<label2>Video Add-On</label2>
		<icon>DefaultShortcut.png</icon>
		<thumb>special://home/addons/resource.images.skinicons.wide/resources/icons/pluto.png</thumb>
		<action>ActivateWindow(Videos,"plugin://slyguy.pluto.tv.provider/?_=live_tv&amp;code=us&amp;group=Music+Videos",return)</action>
		</shortcut>
	<shortcut>
		<defaultID>plugin.audio.mp3streams</defaultID>
		<label>MP3 Streams</label>
		<label2>Music Add-On</label2>
		<icon>DefaultShortcut.png</icon>
		<thumb>special://home/addons/resource.images.skinicons.wide/resources/icons/mp3streams.jpg</thumb>
		<action>ActivateWindow(Music,"plugin://plugin.audio.mp3streams",return)</action>
		</shortcut>
	<shortcut>
		<defaultID>plugin.audio.dashradio</defaultID>
		<label>Diggz LITT Radio</label>
		<label2>Music Add-On</label2>
		<icon>DefaultShortcut.png</icon>
		<thumb>special://home/addons/resource.images.skinicons.wide/resources/icons/littradio.png</thumb>
		<action>ActivateWindow(Music,"plugin://plugin.audio.dashradio",return)</action>
		</shortcut>
	<shortcut>
		<defaultID>plugin.audio.soundcloud</defaultID>
		<label>SoundCloud</label>
		<label2>Music Add-On</label2>
		<icon>DefaultShortcut.png</icon>
		<thumb>special://home/addons/resource.images.skinicons.wide/resources/icons/soundcloud.png</thumb>
		<action>ActivateWindow(Music,"plugin://plugin.audio.soundcloud",return)</action>
		</shortcut>
	<shortcut>
		<defaultID>plugin.audio.radio_de</defaultID>
		<label>Radio</label>
		<label2>Custom item</label2>
		<icon>DefaultShortcut.png</icon>
		<thumb>special://home/addons/resource.images.skinicons.wide/resources/icons/radio.png</thumb>
		<action>ActivateWindow(Music,"plugin://plugin.audio.radio_de_light",return)</action>
		</shortcut>
	<shortcut>
		<defaultID>plugin.audio.mytuner</defaultID>
		<label>myTuner</label>
		<label2>Music Add-On</label2>
		<icon>DefaultShortcut.png</icon>
		<thumb>special://home/addons/resource.images.skinicons.wide/resources/icons/tuner.png</thumb>
		<action>ActivateWindow(Music,"plugin://plugin.audio.mytuner",return)</action>
		</shortcut>
	<shortcut>
		<defaultID>plugin.audio.mixcloud</defaultID>
		<label>Mixcloud</label>
		<label2>Music Add-On</label2>
		<icon>DefaultShortcut.png</icon>
		<thumb>special://home/addons/resource.images.skinicons.wide/resources/icons/mixcloud.png</thumb>
		<action>ActivateWindow(Music,"plugin://plugin.audio.mixcloud",return)</action>
		</shortcut>
	<shortcut>
		<defaultID>plugin.video.essential</defaultID>
		<label>Essential</label>
		<label2>Video Add-On</label2>
		<icon>DefaultShortcut.png</icon>
		<thumb>special://home/addons/resource.images.skinicons.wide/resources/icons/essential.jpg</thumb>
		<action>ActivateWindow(Videos,"plugin://plugin.video.essential",return)</action>
		</shortcut>
	<shortcut>
		<defaultID>plugin.video.kodikaraoke</defaultID>
		<label>Kodi Karaoke</label>
		<label2>Video Add-On</label2>
		<icon>DefaultShortcut.png</icon>
		<thumb>special://home/addons/resource.images.skinicons.wide/resources/icons/karaoke.png</thumb>
		<action>ActivateWindow(Videos,"plugin://plugin.video.kodikaraoke",return)</action>
		</shortcut>
	</shortcuts>
