<shortcuts>
	<shortcut>
		<defaultID>plugin.video.madtitansports/get_list/https://magnetic.website/MAD_TITAN_SPORTS/SPORTS/sports.json</defaultID>
		<label>Mad Titan Sports</label>
		<label2>Video Add-On</label2>
		<icon>DefaultShortcut.png</icon>
		<thumb>special://home/addons/resource.images.skinicons.wide/resources/icons/madtitan.png</thumb>
		<action>ActivateWindow(Videos,"plugin://plugin.video.madtitansports/get_list/https://magnetic.website/MAD_TITAN_SPORTS/SPORTS/sports.json",return)</action>
		</shortcut>
	<shortcut>
		<defaultID>plugin.video.the-loop</defaultID>
		<label>The Loop</label>
		<label2>Video Add-On</label2>
		<icon>DefaultShortcut.png</icon>
		<thumb>special://home/addons/resource.images.skinicons.wide/resources/icons/loop.png</thumb>
		<action>ActivateWindow(Videos,"plugin://plugin.video.the-loop",return)</action>
		</shortcut>
	<shortcut>
		<defaultID />
		<label>Live Sports M3u</label>
		<label2>Video Add-On</label2>
		<icon>DefaultShortcut.png</icon>
		<thumb>special://home/addons/resource.images.skinicons.wide/resources/icons/sports.png</thumb>
		<action>ActivateWindow(Videos,"plugin://plugin.video.playlistloader3/?name=%5BCOLOR+green%5D%5BB%5DLive+Sports+M3u%5B%2FB%5D%5B%2FCOLOR%5D&amp;url=1&amp;mode=44&amp;iconimage=special%3A%2F%2Fhome%2Faddons%2Fresource.images.skinicons.wide%2Fresources%2Ficons%2Fsports.png&amp;logos=&amp;epg=&amp;cache=0&amp;uuid=d25cfc97-8b8f-4e63-b6e5-28fe2330da4d",return)</action>
		</shortcut>
	<shortcut>
		<defaultID>plugin.video.blsport</defaultID>
		<label>DaddyLive</label>
		<label2>Video Add-On</label2>
		<icon>DefaultShortcut.png</icon>
		<thumb>special://home/addons/resource.images.skinicons.wide/resources/icons/dlsports.png</thumb>
		<action>ActivateWindow(Videos,"plugin://plugin.video.daddylive",return)</action>
		</shortcut>
	<shortcut>
		<defaultID>plugin.video.Rising.Tides</defaultID>
		<label>Rising Tides</label>
		<label2>Video Add-On</label2>
		<icon>DefaultShortcut.png</icon>
		<thumb>special://home/addons/resource.images.skinicons.wide/resources/icons/risingtides.jpg</thumb>
		<action>ActivateWindow(Videos,"plugin://plugin.video.Rising.Tides",return)</action>
		</shortcut>
	<shortcut>
		<defaultID>plugin.video.nhl66</defaultID>
		<label>NHL66</label>
		<label2>Video Add-On</label2>
		<icon>DefaultShortcut.png</icon>
		<thumb>special://home/addons/resource.images.skinicons.wide/resources/icons/nhl66.png</thumb>
		<action>ActivateWindow(Videos,"plugin://plugin.video.nhl66",return)</action>
		</shortcut>
	<shortcut>
		<defaultID />
		<label>The Crew Sports</label>
		<label2>Video Add-On</label2>
		<icon>DefaultShortcut.png</icon>
		<thumb>special://home/addons/resource.images.skinicons.wide/resources/icons/crew.png</thumb>
		<action>ActivateWindow(Videos,"plugin://plugin.video.thecrew/?action=bluehat",return)</action>
		</shortcut>
	<shortcut>
		<defaultID>plugin.program.sports</defaultID>
		<label>Diggz Sports Links</label>
		<label2>Video Add-On</label2>
		<icon>DefaultShortcut.png</icon>
		<thumb>special://home/addons/resource.images.skinicons.wide/resources/icons/diggzsports.png</thumb>
		<action>RunAddOn(plugin.program.sports)</action>
		</shortcut>
	<shortcut>
		<defaultID>plugin.video.wod</defaultID>
		<label>WOD</label>
		<label2>Video Add-On</label2>
		<icon>DefaultShortcut.png</icon>
		<thumb>special://home/addons/resource.images.skinicons.wide/resources/icons/wod.png</thumb>
		<action>ActivateWindow(Videos,"plugin://plugin.video.wod",return)</action>
		</shortcut>
	<shortcut>
		<defaultID>plugin.video.sporthdme</defaultID>
		<label>SportHD</label>
		<label2>Video Add-On</label2>
		<icon>DefaultShortcut.png</icon>
		<thumb>special://home/addons/resource.images.skinicons.wide/resources/icons/sporthd.png</thumb>
		<action>ActivateWindow(Videos,"plugin://plugin.video.sporthdme",return)</action>
		</shortcut>
	<shortcut>
		<defaultID>plugin.video.torquelite</defaultID>
		<label>Torque Lite</label>
		<label2>Video Add-On</label2>
		<icon>DefaultShortcut.png</icon>
		<thumb>special://home/addons/resource.images.skinicons.wide/resources/icons/torque.png</thumb>
		<action>ActivateWindow(Videos,"plugin://plugin.video.torquelite",return)</action>
		</shortcut>
	<shortcut>
		<defaultID>plugin.video.fod</defaultID>
		<label>Fights on Demand</label>
		<label2>Video Add-On</label2>
		<icon>DefaultShortcut.png</icon>
		<thumb>special://home/addons/resource.images.skinicons.wide/resources/icons/fod.jpg</thumb>
		<action>ActivateWindow(Videos,"plugin://plugin.video.fod",return)</action>
		</shortcut>
	<shortcut>
		<defaultID />
		<label>Pluto Sports</label>
		<label2>Video Add-On</label2>
		<icon>DefaultShortcut.png</icon>
		<thumb>special://home/addons/resource.images.skinicons.wide/resources/icons/pluto.png</thumb>
		<action>ActivateWindow(Videos,"plugin://slyguy.pluto.tv.provider/?_=live_tv&amp;code=us&amp;group=Sports",return)</action>
		</shortcut>
	<shortcut>
		<defaultID>plugin.video.purelywrestling</defaultID>
		<label>Purely Wrestling</label>
		<label2>Video Add-On</label2>
		<icon>DefaultShortcut.png</icon>
		<thumb>special://home/addons/resource.images.skinicons.wide/resources/icons/purelywrestling.png</thumb>
		<action>ActivateWindow(Videos,"plugin://plugin.video.purelywrestling",return)</action>
		</shortcut>
	<shortcut>
		<defaultID />
		<label>Asgard Sports</label>
		<label2>Video Add-On</label2>
		<icon>DefaultShortcut.png</icon>
		<thumb>special://home/addons/resource.images.skinicons.wide/resources/icons/asgard.png</thumb>
		<action>ActivateWindow(Videos,"plugin://plugin.video.asgard/?mode=189&amp;iconimage=https%3A%2F%2Fmylostsoulspace.co.uk%2Fimages%2Fasg%2Ficon.png&amp;fanart=https%3A%2F%2Fmylostsoulspace.co.uk%2Fimages%2Fasg%2Ffanart.jpg&amp;description=Sports&amp;url=https%3A%2F%2Fmylostsoulspace.co.uk%2FAddon-1%2FAddon%2Ftext%2Fsport.xml&amp;name=%5BCOLOR+goldenrod%5DAsgard+Sports+Section%5B%2FCOLOR%5D&amp;image_master=&amp;heb_name=+&amp;last_id=&amp;dates=+&amp;data=+&amp;original_title=+&amp;id=+&amp;season=+&amp;episode=+&amp;tmdbid=+&amp;eng_name=+&amp;show_original_year=+&amp;isr=0&amp;fav_status=false&amp;all_w=%7B%7D&amp;search_db=&amp;mypass=&amp;iconimage=https%3A%2F%2Fmylostsoulspace.co.uk%2Fimages%2Fasg%2Ficon.png&amp;fanart=https%3A%2F%2Fmylostsoulspace.co.uk%2Fimages%2Fasg%2Ffanart.jpg&amp;description=Sports&amp;url=https%3A%2F%2Fmylostsoulspace.co.uk%2FAddon-1%2FAddon%2Ftext%2Fsport.xml&amp;name=%5BCOLOR+goldenrod%5DAsgard+Sports+Section%5B%2FCOLOR%5D&amp;image_master=&amp;heb_name=+&amp;last_id=&amp;dates=+&amp;data=+&amp;original_title=+&amp;id=+&amp;season=+&amp;episode=+&amp;tmdbid=+&amp;eng_name=+&amp;show_original_year=+&amp;fav_status=false&amp;all_w=%7B%7D&amp;search_db=&amp;mypass=&amp;video_data=%7B%22title%22%3A+%22%5BCOLOR+goldenrod%5DAsgard+Sports+Section%5B%2FCOLOR%5D%22%2C+%22mediatype%22%3A+%22movie%22%2C+%22TVshowtitle%22%3A+%22%22%2C+%22season%22%3A+0%2C+%22episode%22%3A+0%2C+%22OriginalTitle%22%3A+%22+%22%2C+%22rating%22%3A+%220%22%2C+%22plot%22%3A+%22Sports%22%2C+%22Tag%22%3A+%22None%22%2C+%22id%22%3A+%22+%22%7D&amp;video_data=%7B%22title%22%3A+%22%5BCOLOR+goldenrod%5DAsgard+Sports+Section%5B%2FCOLOR%5D%22%2C+%22mediatype%22%3A+%22movie%22%2C+%22TVshowtitle%22%3A+%22%22%2C+%22season%22%3A+0%2C+%22episode%22%3A+0%2C+%22OriginalTitle%22%3A+%22+%22%2C+%22rating%22%3A+%220%22%2C+%22plot%22%3A+%22Sports%22%2C+%22Tag%22%3A+%22None%22%2C+%22id%22%3A+%22+%22%7D",return)</action>
		</shortcut>
	<shortcut>
		<defaultID />
		<label>Xumo Sports</label>
		<label2>Video Add-On</label2>
		<icon>DefaultShortcut.png</icon>
		<thumb>special://home/addons/resource.images.skinicons.wide/resources/icons/xumo.png</thumb>
		<action>ActivateWindow(Videos,"plugin://plugin.video.xumoplay?mode=3&amp;url=https%3A%2F%2Fvalencia-app-mds.xumo.com%2Fv2%2F&amp;name=Sports",return)</action>
		</shortcut>
	<shortcut>
		<defaultID>plugin.video.powernationtv</defaultID>
		<label>PowerNation TV</label>
		<label2>Video Add-On</label2>
		<icon>DefaultShortcut.png</icon>
		<thumb>special://home/addons/resource.images.skinicons.wide/resources/icons/pn.png</thumb>
		<action>ActivateWindow(Videos,"plugin://plugin.video.powernationtv",return)</action>
		</shortcut>
	<shortcut>
		<defaultID>plugin.video.sportstv</defaultID>
		<label>Sports.TV</label>
		<label2>Video Add-On</label2>
		<icon>DefaultShortcut.png</icon>
		<thumb>special://home/addons/resource.images.skinicons.wide/resources/icons/sports.tv.png</thumb>
		<action>ActivateWindow(Videos,"plugin://plugin.video.sportstv",return)</action>
		</shortcut>
	<shortcut>
		<defaultID>plugin.video.redbull.tv</defaultID>
		<label>Red Bull TV</label>
		<label2>Video Add-On</label2>
		<icon>DefaultShortcut.png</icon>
		<thumb>special://home/addons/resource.images.skinicons.wide/resources/icons/redbull.png</thumb>
		<action>ActivateWindow(Videos,"plugin://plugin.video.redbull.tv",return)</action>
		</shortcut>
	</shortcuts>
