<shortcuts>
	<shortcut>
		<defaultID />
		<label>Merry Christmas</label>
		<label2>Video Add-On</label2>
		<icon>DefaultShortcut.png</icon>
		<thumb>special://home/addons/resource.images.skinicons.wide/resources/icons/christmas.png</thumb>
		<action>ActivateWindow(Videos,"plugin://plugin.program.super.favourites/?label=Christmas&amp;mode=400&amp;path=special%3A%2F%2Fprofile%2Faddon_data%2Fplugin.program.super.favourites%2FSuper+Favourites%5CExplore%5CChristmas&amp;image=special%3A%2F%2Fhome%2Faddons%2Fresource.images.skinicons.wide%2Fresources%2Ficons%2Fchristmas.png&amp;fanart=special%3A%2F%2Fhome%2Faddons%2Fresource.images.skinicons.wide%2Fresources%2Ficons%2FEXPLORE%2Fholidays.jpg&amp;content_type=",return)</action>
		</shortcut>
	<shortcut>
		<defaultID />
		<label>TMDBH Movies</label>
		<label2>Video Add-On</label2>
		<icon>DefaultShortcut.png</icon>
		<thumb>special://home/addons/resource.images.skinicons.wide/resources/icons/tmdbh.png</thumb>
		<action>ActivateWindow(Videos,"plugin://plugin.video.themoviedb.helper/?info=dir_movie&amp;tmdb_type=None&amp;widget=true&amp;reload=$INFO[Window(Home).Property(TMDbHelper.Widgets.Reload)]&amp;reload=$INFO[Window(Home).Property(TMDbHelper.Widgets.Reload)]",return)</action>
		</shortcut>
	<shortcut>
		<defaultID />
		<label>Movie Portal</label>
		<label2>Custom item</label2>
		<icon>DefaultShortcut.png</icon>
		<thumb>special://home/addons/resource.images.skinicons.wide/resources/icons/warp.gif</thumb>
		<action>RunScript(script.extendedinfo,info=allmovies)</action>
		</shortcut>
	<shortcut>
		<defaultID />
		<label>Fen Light Movies</label>
		<label2>Video Add-On</label2>
		<icon>DefaultShortcut.png</icon>
		<thumb>special://home/addons/resource.images.skinicons.wide/resources/icons/fenlight.png</thumb>
		<action>ActivateWindow(Videos,"plugin://plugin.video.fenlight/?name=32028&amp;iconImage=movies&amp;mode=navigator.main&amp;action=MovieList",return)</action>
		</shortcut>
	<shortcut>
		<defaultID />
		<label>Umbrella Movies</label>
		<label2>Video Add-On</label2>
		<icon>DefaultShortcut.png</icon>
		<thumb>special://home/addons/resource.images.skinicons.wide/resources/icons/umbrella.png</thumb>
		<action>ActivateWindow(Videos,"plugin://plugin.video.umbrella/?action=movieNavigator&amp;folderName=Discover+Movies",return)</action>
		</shortcut>
	<shortcut>
		<defaultID />
		<label>POV Movies</label>
		<label2>Video Add-On</label2>
		<icon>DefaultShortcut.png</icon>
		<thumb>special://home/addons/resource.images.skinicons.wide/resources/icons/pov.png</thumb>
		<action>ActivateWindow(Videos,"plugin://plugin.video.pov/?name=32028&amp;iconImage=movies.png&amp;mode=navigator.main&amp;action=MovieList",return)</action>
		</shortcut>
	<shortcut>
		<defaultID />
		<label>Seren Movies</label>
		<label2>Video Add-On</label2>
		<icon>DefaultShortcut.png</icon>
		<thumb>special://home/addons/resource.images.skinicons.wide/resources/icons/seren.jpg</thumb>
		<action>ActivateWindow(Videos,"plugin://plugin.video.seren/?action=moviesHome",return)</action>
		</shortcut>
	<shortcut>
		<defaultID />
		<label>Dradis Movies</label>
		<label2>Video Add-On</label2>
		<icon>DefaultShortcut.png</icon>
		<thumb>special://home/addons/resource.images.skinicons.wide/resources/icons/dradis.png</thumb>
		<action>ActivateWindow(Videos,"plugin://plugin.video.dradis/?action=movieNavigator",return)</action>
		</shortcut>
	<shortcut>
		<defaultID>plugin.video.z3r0cinema</defaultID>
		<label>Z3RO Cinema</label>
		<label2>Video Add-On</label2>
		<icon>DefaultShortcut.png</icon>
		<thumb>special://home/addons/resource.images.skinicons.wide/resources/icons/zerocinema.png</thumb>
		<action>ActivateWindow(Videos,"plugin://plugin.video.z3r0cinema",return)</action>
		</shortcut>
	<shortcut>
		<defaultID />
		<label>The Crew Movies</label>
		<label2>Video Add-On</label2>
		<icon>DefaultShortcut.png</icon>
		<thumb>special://home/addons/resource.images.skinicons.wide/resources/icons/crew.png</thumb>
		<action>ActivateWindow(Videos,"plugin://plugin.video.thecrew/?action=movieNavigator",return)</action>
		</shortcut>
	<shortcut>
		<defaultID />
		<label>Pluto Movies</label>
		<label2>Video Add-On</label2>
		<icon>DefaultShortcut.png</icon>
		<thumb>special://home/addons/resource.images.skinicons.wide/resources/icons/pluto.png</thumb>
		<action>ActivateWindow(Videos,"plugin://slyguy.pluto.tv.provider/?_=live_tv&amp;code=us&amp;group=Movies",return)</action>
		</shortcut>
	<shortcut>
		<defaultID />
		<label>Crackle Movies</label>
		<label2>Video Add-On</label2>
		<icon>DefaultShortcut.png</icon>
		<thumb>special://home/addons/resource.images.skinicons.wide/resources/icons/crackle.png</thumb>
		<action>ActivateWindow(Videos,"plugin://plugin.video.crackle/?id=movies&amp;mode=99",return)</action>
		</shortcut>
	<shortcut>
		<defaultID>plugin.video.tubitv</defaultID>
		<label>TubiTV</label>
		<label2>Video Add-On</label2>
		<icon>DefaultShortcut.png</icon>
		<thumb>special://home/addons/resource.images.skinicons.wide/resources/icons/tubi.png</thumb>
		<action>ActivateWindow(Videos,"plugin://plugin.video.tubitv",return)</action>
		</shortcut>
	<shortcut>
		<defaultID>slyguy.curiositystream</defaultID>
		<label>CuriosityStream</label>
		<label2>Video Add-On</label2>
		<icon>DefaultShortcut.png</icon>
		<thumb>special://home/addons/resource.images.skinicons.wide/resources/icons/curiosity.png</thumb>
		<action>ActivateWindow(Videos,"plugin://slyguy.curiositystream",return)</action>
		</shortcut>
	<shortcut>
		<defaultID />
		<label>[COLOR=white]Black and White Movies[/COLOR]</label>
		<label2>Video Add-On</label2>
		<icon>DefaultShortcut.png</icon>
		<thumb>special://home/addons/resource.images.skinicons.wide/resources/icons/bnw.png</thumb>
		<action>ActivateWindow(Videos,"plugin://plugin.video.bnwmovie19/?url=Black_and_White&amp;mode=1&amp;name=%5BCOLOR%3Dwhite%5DBlack+and+White+Movies%5B%2FCOLOR%5D&amp;iconimage=C%3A%5CUsers%5Cjeddi%5CAppData%5CRoaming%5CKodi%5Caddons%5Cplugin.video.bnwmovie19%5Cicon.png&amp;fanart=C%3A%5CUsers%5Cjeddi%5CAppData%5CRoaming%5CKodi%5Caddons%5Cplugin.video.bnwmovie19%5Cfanart.jpg&amp;description=Black+and+White+movies",return)</action>
		</shortcut>
	<shortcut>
		<defaultID />
		<label>Samsung TV Movies</label>
		<label2>Video Add-On</label2>
		<icon>DefaultShortcut.png</icon>
		<thumb>special://home/addons/resource.images.skinicons.wide/resources/icons/samsungtv.png</thumb>
		<action>ActivateWindow(Videos,"plugin://slyguy.samsung.tv.plus/?_=live_tv&amp;code=us&amp;group=Movies",return)</action>
		</shortcut>
	</shortcuts>
