<shortcuts>
	<shortcut>
		<defaultID />
		<label>Watchlist</label>
		<label2>Video Add-On</label2>
		<icon>DefaultShortcut.png</icon>
		<thumb>image://C%3a%5cUsers%5cjeddi%5cAppData%5cRoaming%5cKodi%5caddons%5cplugin.video.seren%5c%2fresources%2fimages%2ficons%2fshows_watched.png/</thumb>
		<action>ActivateWindow(Videos,"plugin://plugin.video.seren/?action=showsMyWatchlist",return)</action>
		</shortcut>
	<shortcut>
		<defaultID />
		<label>Collection</label>
		<label2>Custom item</label2>
		<icon>DefaultShortcut.png</icon>
		<thumb>thumb</thumb>
		<action>ActivateWindow(Videos,"plugin://plugin.video.seren/?action=showsMyCollection",return)</action>
		</shortcut>
	<shortcut>
		<defaultID />
		<label>Recently Watched</label>
		<label2>Custom item</label2>
		<icon>DefaultShortcut.png</icon>
		<thumb>thumb</thumb>
		<action>ActivateWindow(Videos,"plugin://plugin.video.seren/?action=showsRecentlyWatched",return)</action>
		</shortcut>
	<shortcut>
		<defaultID />
		<label>Upcoming Episodes</label>
		<label2>Video Add-On</label2>
		<icon>DefaultShortcut.png</icon>
		<thumb>image://C%3a%5cUsers%5cjeddi%5cAppData%5cRoaming%5cKodi%5caddons%5cplugin.video.seren%5c%2fresources%2fimages%2ficons%2fshows_update.png/</thumb>
		<action>ActivateWindow(Videos,"plugin://plugin.video.seren/?action=myUpcomingEpisodes",return)</action>
		</shortcut>
	<shortcut>
		<defaultID />
		<label>My Show Lists</label>
		<label2>Video Add-On</label2>
		<icon>DefaultShortcut.png</icon>
		<thumb>image://C%3a%5cUsers%5cjeddi%5cAppData%5cRoaming%5cKodi%5caddons%5cplugin.video.seren%5c%2fresources%2fimages%2ficons%2flist_trakt.png/</thumb>
		<action>ActivateWindow(Videos,"plugin://plugin.video.seren/?action=myTraktLists&amp;mediatype=shows",return)</action>
		</shortcut>
	<shortcut>
		<defaultID />
		<label>Search Trakt Lists</label>
		<label2>Video Add-On</label2>
		<icon>DefaultShortcut.png</icon>
		<thumb>thumb</thumb>
		<action>ActivateWindow(Videos,"plugin://plugin.video.themoviedb.helper/?info=trakt_searchlists&amp;tmdb_type=both&amp;widget=true&amp;reload=$INFO[Window(Home).Property(TMDbHelper.Widgets.Reload)]&amp;reload=$INFO[Window(Home).Property(TMDbHelper.Widgets.Reload)]",return)</action>
		</shortcut>
	<shortcut>
		<defaultID />
		<label>Recommended For You</label>
		<label2>Video Add-On</label2>
		<icon>DefaultShortcut.png</icon>
		<thumb>image://C%3a%5cUsers%5cjeddi%5cAppData%5cRoaming%5cKodi%5caddons%5cplugin.video.seren%5c%2fresources%2fimages%2ficons%2fshows_recommended.png/</thumb>
		<action>ActivateWindow(Videos,"plugin://plugin.video.seren/?action=showsRecommended",return)</action>
		</shortcut>
	<shortcut>
		<defaultID />
		<label>Trakt Manager</label>
		<label2>Video Add-On</label2>
		<icon>DefaultShortcut.png</icon>
		<thumb>image://C%3a%5cUsers%5cjeddi%5cAppData%5cRoaming%5cKodi%5caddons%5cplugin.video.umbrella%5cresources%5cartwork%5cumbrella%5ctools.png/</thumb>
		<action>ActivateWindow(Videos,"plugin://plugin.video.umbrella/?action=tools_traktToolsNavigator&amp;folderName=Trakt+Management+Tools",return)</action>
		</shortcut>
	</shortcuts>
