<shortcuts>
	<shortcut>
		<defaultID />
		<label>Watchlist</label>
		<label2>Custom item</label2>
		<icon>DefaultShortcut.png</icon>
		<thumb>thumb</thumb>
		<action>ActivateWindow(Videos,"plugin://plugin.video.coalition/?mode=build_movie_list&amp;action=trakt_watchlist&amp;iconImage=C%3A%5CUsers%5Cjeddi%5CAppData%5CRoaming%5CKodi%5Caddons%5Cplugin.video.coalition%5Cresources%5Cmedia%5Ctrakt.png",return)</action>
		</shortcut>
	<shortcut>
		<defaultID />
		<label>Collection</label>
		<label2>Custom item</label2>
		<icon>DefaultShortcut.png</icon>
		<thumb>thumb</thumb>
		<action>ActivateWindow(Videos,"plugin://plugin.video.coalition/?mode=build_movie_list&amp;action=trakt_collection&amp;iconImage=C%3A%5CUsers%5Cjeddi%5CAppData%5CRoaming%5CKodi%5Caddons%5Cplugin.video.coalition%5Cresources%5Cmedia%5Ctrakt.png",return)</action>
		</shortcut>
	<shortcut>
		<defaultID />
		<label>Your Trakt Lists</label>
		<label2>Custom item</label2>
		<icon>DefaultShortcut.png</icon>
		<thumb>image://C%3a%5cUsers%5cjeddi%5cAppData%5cRoaming%5cKodi%5caddons%5cplugin.video.pov%5cresources%5cmedia%5ctrakt.png/</thumb>
		<action>ActivateWindow(Videos,"plugin://plugin.video.coalition/?mode=navigator.trakt_lists&amp;iconImage=C%3A%5CUsers%5Cjeddi%5CAppData%5CRoaming%5CKodi%5Caddons%5Cplugin.video.coalition%5Cresources%5Cmedia%5Ctrakt.png",return)</action>
		</shortcut>
	<shortcut>
		<defaultID />
		<label>In Progress Movies</label>
		<label2>Custom item</label2>
		<icon>DefaultShortcut.png</icon>
		<thumb>image://C%3a%5cUsers%5cjeddi%5cAppData%5cRoaming%5cKodi%5caddons%5cplugin.video.pov%5cresources%5cmedia%5cplayer.png/</thumb>
		<action>ActivateWindow(Videos,"plugin://plugin.video.coalition/?name=32476&amp;iconImage=player.png&amp;mode=build_movie_list&amp;action=in_progress_movies",return)</action>
		</shortcut>
	<shortcut>
		<defaultID />
		<label>Watched</label>
		<label2>Custom item</label2>
		<icon>DefaultShortcut.png</icon>
		<thumb>image://C%3a%5cUsers%5cjeddi%5cAppData%5cRoaming%5cKodi%5caddons%5cplugin.video.pov%5cresources%5cmedia%5cwatched.png/</thumb>
		<action>ActivateWindow(Videos,"plugin://plugin.video.coalition/?name=32475&amp;iconImage=watched.png&amp;mode=build_movie_list&amp;action=watched_movies",return)</action>
		</shortcut>
	<shortcut>
		<defaultID />
		<label>Recommended</label>
		<label2>Custom item</label2>
		<icon>DefaultShortcut.png</icon>
		<thumb>thumb</thumb>
		<action>ActivateWindow(Videos,"plugin://plugin.video.coalition/?mode=build_movie_list&amp;action=trakt_recommendations&amp;iconImage=C%3A%5CUsers%5Cjeddi%5CAppData%5CRoaming%5CKodi%5Caddons%5Cplugin.video.coalition%5Cresources%5Cmedia%5Ctrakt.png",return)</action>
		</shortcut>
	<shortcut>
		<defaultID />
		<label>Search Lists</label>
		<label2>Custom item</label2>
		<icon>DefaultShortcut.png</icon>
		<thumb>thumb</thumb>
		<action>ActivateWindow(Videos,"plugin://plugin.video.coalition/?mode=trakt.list.search_trakt_lists&amp;iconImage=C%3A%5CUsers%5Cjeddi%5CAppData%5CRoaming%5CKodi%5Caddons%5Cplugin.video.coalition%5Cresources%5Cmedia%5Ctrakt.png",return)</action>
		</shortcut>
	<shortcut>
		<defaultID />
		<label>Coalition Favs</label>
		<label2>Custom item</label2>
		<icon>DefaultShortcut.png</icon>
		<thumb>thumb</thumb>
		<action>ActivateWindow(Videos,"plugin://plugin.video.coalition/?mode=build_movie_list&amp;action=favourites_movies&amp;iconImage=C%3A%5CUsers%5Cjeddi%5CAppData%5CRoaming%5CKodi%5Caddons%5Cplugin.video.coalition%5Cresources%5Cmedia%5Cmovies.png",return)</action>
		</shortcut>
	</shortcuts>
