<shortcuts>
	<shortcut>
		<defaultID />
		<label>Watchlist</label>
		<label2>Custom item</label2>
		<icon>DefaultShortcut.png</icon>
		<thumb>thumb</thumb>
		<action>ActivateWindow(Videos,"plugin://plugin.video.coalition/?mode=build_tvshow_list&amp;action=trakt_watchlist&amp;iconImage=C%3A%5CUsers%5Cjeddi%5CAppData%5CRoaming%5CKodi%5Caddons%5Cplugin.video.coalition%5Cresources%5Cmedia%5Ctrakt.png",return)</action>
		</shortcut>
	<shortcut>
		<defaultID />
		<label>Collection</label>
		<label2>Custom item</label2>
		<icon>DefaultShortcut.png</icon>
		<thumb>thumb</thumb>
		<action>ActivateWindow(Videos,"plugin://plugin.video.coalition/?mode=build_tvshow_list&amp;action=trakt_collection&amp;iconImage=C%3A%5CUsers%5Cjeddi%5CAppData%5CRoaming%5CKodi%5Caddons%5Cplugin.video.coalition%5Cresources%5Cmedia%5Ctrakt.png",return)</action>
		</shortcut>
	<shortcut>
		<defaultID />
		<label>In Progress Shows</label>
		<label2>Custom item</label2>
		<icon>DefaultShortcut.png</icon>
		<thumb>thumb</thumb>
		<action>ActivateWindow(Videos,"plugin://plugin.video.coalition/?name=32481&amp;iconImage=in_progress_tvshow.png&amp;mode=build_tvshow_list&amp;action=in_progress_tvshows",return)</action>
		</shortcut>
	<shortcut>
		<defaultID />
		<label>Next Episodes</label>
		<label2>Custom item</label2>
		<icon>DefaultShortcut.png</icon>
		<thumb>image://C%3a%5cUsers%5cjeddi%5cAppData%5cRoaming%5cKodi%5caddons%5cplugin.video.pov%5cresources%5cmedia%5cnext_episodes.png/</thumb>
		<action>ActivateWindow(Videos,"plugin://plugin.video.coalition/?name=32483&amp;iconImage=next_episodes.png&amp;mode=build_next_episode",return)</action>
		</shortcut>
	<shortcut>
		<defaultID />
		<label>Yout Trakt Lists</label>
		<label2>Custom item</label2>
		<icon>DefaultShortcut.png</icon>
		<thumb>image://C%3a%5cUsers%5cjeddi%5cAppData%5cRoaming%5cKodi%5caddons%5cplugin.video.pov%5cresources%5cmedia%5ctrakt.png/</thumb>
		<action>ActivateWindow(Videos,"plugin://plugin.video.coalition/?mode=navigator.trakt_lists&amp;iconImage=C%3A%5CUsers%5Cjeddi%5CAppData%5CRoaming%5CKodi%5Caddons%5Cplugin.video.coalition%5Cresources%5Cmedia%5Ctrakt.png",return)</action>
		</shortcut>
	<shortcut>
		<defaultID />
		<label>Trakt Calendar</label>
		<label2>Custom item</label2>
		<icon>DefaultShortcut.png</icon>
		<thumb>image://C%3a%5cUsers%5cjeddi%5cAppData%5cRoaming%5cKodi%5caddons%5cplugin.video.pov%5cresources%5cmedia%5ctrakt.png/</thumb>
		<action>ActivateWindow(Videos,"plugin://plugin.video.coalition/?mode=build_my_calendar&amp;iconImage=C%3A%5CUsers%5Cjeddi%5CAppData%5CRoaming%5CKodi%5Caddons%5Cplugin.video.coalition%5Cresources%5Cmedia%5Ctrakt.png",return)</action>
		</shortcut>
	<shortcut>
		<defaultID />
		<label>Coalition Favs</label>
		<label2>Custom item</label2>
		<icon>DefaultShortcut.png</icon>
		<thumb>thumb</thumb>
		<action>ActivateWindow(Videos,"plugin://plugin.video.coalition/?mode=build_tvshow_list&amp;action=favourites_tvshows&amp;iconImage=C%3A%5CUsers%5Cjeddi%5CAppData%5CRoaming%5CKodi%5Caddons%5Cplugin.video.coalition%5Cresources%5Cmedia%5Ctv.png",return)</action>
		</shortcut>
	<shortcut>
		<defaultID />
		<label>Recommended</label>
		<label2>Custom item</label2>
		<icon>DefaultShortcut.png</icon>
		<thumb>thumb</thumb>
		<action>ActivateWindow(Videos,"plugin://plugin.video.coalition/?mode=build_tvshow_list&amp;action=trakt_recommendations&amp;iconImage=C%3A%5CUsers%5Cjeddi%5CAppData%5CRoaming%5CKodi%5Caddons%5Cplugin.video.coalition%5Cresources%5Cmedia%5Ctrakt.png",return)</action>
		</shortcut>
	</shortcuts>
