<shortcuts>
	<shortcut>
		<defaultID>plugin.video.madtitansports/get_list/https://magnetic.website/MAD_TITAN_SPORTS/SPORTS/sports.json</defaultID>
		<label>Mad Titan Sports</label>
		<label2>Video Add-On</label2>
		<icon>DefaultShortcut.png</icon>
		<thumb>special://home/addons/resource.images.skinicons.wide/resources/icons/madtitan.png</thumb>
		<action>ActivateWindow(Videos,"plugin://plugin.video.madtitansports/get_list/https://magnetic.website/MAD_TITAN_SPORTS/SPORTS/sports.json",return)</action>
		</shortcut>
	<shortcut>
		<defaultID>plugin.program.sports</defaultID>
		<label>Diggz Sports Links</label>
		<label2>Video Add-On</label2>
		<icon>DefaultShortcut.png</icon>
		<thumb>special://home/addons/resource.images.skinicons.wide/resources/icons/diggzsports.png</thumb>
		<action>RunAddOn(plugin.program.sports)</action>
		</shortcut>
	<shortcut>
		<defaultID />
		<label>Sports Websites</label>
		<label2>Video Add-On</label2>
		<icon>DefaultShortcut.png</icon>
		<thumb>special://home/addons/resource.images.skinicons.wide/resources/icons/sports.png</thumb>
		<action>ActivateWindow(Videos,"plugin://plugin.program.super.favourites/?label=Sports+Websites&amp;mode=400&amp;path=special%3A%2F%2Fprofile%2Faddon_data%2Fplugin.program.super.favourites%2FSuper+Favourites%5CSports+Websites&amp;image=special%3A%2F%2Fhome%2Faddons%2Fresource.images.skinicons.wide%2Fresources%2Ficons%2Fsportsites%2FSportspic.gif&amp;fanart=C%3A%5CUsers%5Cjeddi%5CAppData%5CRoaming%5CKodi%5Caddons%5Cplugin.program.super.favourites%5Cfanart.jpg&amp;content_type=",return)</action>
		</shortcut>
	<shortcut>
		<defaultID>plugin.video.the-loop</defaultID>
		<label>The Loop</label>
		<label2>Video Add-On</label2>
		<icon>DefaultShortcut.png</icon>
		<thumb>special://home/addons/resource.images.skinicons.wide/resources/icons/loop.png</thumb>
		<action>ActivateWindow(Videos,"plugin://plugin.video.the-loop",return)</action>
		</shortcut>
	<shortcut>
		<defaultID>plugin.video.blsport</defaultID>
		<label>DaddyLive</label>
		<label2>Video Add-On</label2>
		<icon>DefaultShortcut.png</icon>
		<thumb>special://home/addons/resource.images.skinicons.wide/resources/icons/dlsports.png</thumb>
		<action>ActivateWindow(Videos,"plugin://plugin.video.daddylive",return)</action>
		</shortcut>
	<shortcut>
		<defaultID>plugin.video.Rising.Tides</defaultID>
		<label>Rising Tides</label>
		<label2>Video Add-On</label2>
		<icon>DefaultShortcut.png</icon>
		<thumb>special://home/addons/resource.images.skinicons.wide/resources/icons/risingtides.jpg</thumb>
		<action>ActivateWindow(Videos,"plugin://plugin.video.Rising.Tides",return)</action>
		</shortcut>
	<shortcut>
		<defaultID>plugin.video.nhl66</defaultID>
		<label>NHL66</label>
		<label2>Video Add-On</label2>
		<icon>DefaultShortcut.png</icon>
		<thumb>special://home/addons/resource.images.skinicons.wide/resources/icons/nhl66.png</thumb>
		<action>ActivateWindow(Videos,"plugin://plugin.video.nhl66",return)</action>
		</shortcut>
	<shortcut>
		<defaultID />
		<label>The Crew Sports</label>
		<label2>Video Add-On</label2>
		<icon>DefaultShortcut.png</icon>
		<thumb>special://home/addons/resource.images.skinicons.wide/resources/icons/crew.png</thumb>
		<action>ActivateWindow(Videos,"plugin://plugin.video.thecrew/?action=bluehat",return)</action>
		</shortcut>
	<shortcut>
		<defaultID>plugin.video.wod</defaultID>
		<label>WOD</label>
		<label2>Video Add-On</label2>
		<icon>DefaultShortcut.png</icon>
		<thumb>special://home/addons/resource.images.skinicons.wide/resources/icons/wod.png</thumb>
		<action>ActivateWindow(Videos,"plugin://plugin.video.wod",return)</action>
		</shortcut>
	<shortcut>
		<defaultID>plugin.video.sporthdme</defaultID>
		<label>SportHD</label>
		<label2>Video Add-On</label2>
		<icon>DefaultShortcut.png</icon>
		<thumb>special://home/addons/resource.images.skinicons.wide/resources/icons/sporthd.png</thumb>
		<action>ActivateWindow(Videos,"plugin://plugin.video.sporthdme",return)</action>
		</shortcut>
	<shortcut>
		<defaultID>plugin.video.torquelite</defaultID>
		<label>Torque Lite</label>
		<label2>Video Add-On</label2>
		<icon>DefaultShortcut.png</icon>
		<thumb>special://home/addons/resource.images.skinicons.wide/resources/icons/torque.png</thumb>
		<action>ActivateWindow(Videos,"plugin://plugin.video.torquelite",return)</action>
		</shortcut>
	<shortcut>
		<defaultID>plugin.video.fod</defaultID>
		<label>Fights on Demand</label>
		<label2>Video Add-On</label2>
		<icon>DefaultShortcut.png</icon>
		<thumb>special://home/addons/resource.images.skinicons.wide/resources/icons/fod.jpg</thumb>
		<action>ActivateWindow(Videos,"plugin://plugin.video.fod",return)</action>
		</shortcut>
	<shortcut>
		<defaultID />
		<label>Gratis Sports</label>
		<label2>Video Add-On</label2>
		<icon>DefaultShortcut.png</icon>
		<thumb>special://home/addons/resource.images.skinicons.wide/resources/icons/gratis.png</thumb>
		<action>ActivateWindow(Videos,"plugin://plugin.video.gratis/?name=Live+Sports&amp;url=&amp;mode=live_main&amp;icon=C%3A%5CUsers%5Cjeddi%5CAppData%5CRoaming%5CKodi%5Caddons%5Cplugin.video.gratis%5Cicon.png&amp;fanart=C%3A%5CUsers%5Cjeddi%5CAppData%5CRoaming%5CKodi%5Caddons%5Cplugin.video.gratis%5Cfanart.jpg&amp;description=Live+Sports&amp;name2=&amp;page=&amp;foldername=&amp;mediatype=video&amp;_id=&amp;season_number=&amp;episode_number=",return)</action>
		</shortcut>
	<shortcut>
		<defaultID />
		<label>Shake Them Ropes</label>
		<label2>Video Add-On</label2>
		<icon>DefaultShortcut.png</icon>
		<thumb>special://home/addons/resource.images.skinicons.wide/resources/icons/shakethemropes.png</thumb>
		<action>ActivateWindow(Videos,"plugin://plugin.video.thechains/?mode=189&amp;iconimage=https%3A%2F%2Fi.imgur.com%2FQJeRiu2.png&amp;fanart=https%3A%2F%2Fi.imgur.com%2Fjkwq9OP.png&amp;description=Shake+Them+Ropes&amp;url=http%3A%2F%2Fthechains24.com%2FWWE%2FWWE%2520MAIN.txt&amp;name=Shake+Them+Ropes&amp;image_master=&amp;heb_name=+&amp;last_id=&amp;dates=+&amp;data=+&amp;original_title=+&amp;id=+&amp;season=+&amp;episode=+&amp;tmdbid=+&amp;eng_name=+&amp;show_original_year=+&amp;isr=0&amp;fav_status=false&amp;all_w=%7B%7D&amp;search_db=&amp;mypass=&amp;iconimage=https%3A%2F%2Fi.imgur.com%2FQJeRiu2.png&amp;fanart=https%3A%2F%2Fi.imgur.com%2Fjkwq9OP.png&amp;description=Shake+Them+Ropes&amp;url=http%3A%2F%2Fthechains24.com%2FWWE%2FWWE%2520MAIN.txt&amp;name=Shake+Them+Ropes&amp;image_master=&amp;heb_name=+&amp;last_id=&amp;dates=+&amp;data=+&amp;original_title=+&amp;id=+&amp;season=+&amp;episode=+&amp;tmdbid=+&amp;eng_name=+&amp;show_original_year=+&amp;fav_status=false&amp;all_w=%7B%7D&amp;search_db=&amp;mypass=&amp;video_data=%7B%22title%22%3A+%22Shake+Them+Ropes%22%2C+%22mediatype%22%3A+%22movie%22%2C+%22TVshowtitle%22%3A+%22%22%2C+%22season%22%3A+0%2C+%22episode%22%3A+0%2C+%22OriginalTitle%22%3A+%22+%22%2C+%22rating%22%3A+%220%22%2C+%22plot%22%3A+%22Shake+Them+Ropes%22%2C+%22Tag%22%3A+%22None%22%2C+%22id%22%3A+%22+%22%7D&amp;video_data=%7B%22title%22%3A+%22Shake+Them+Ropes%22%2C+%22mediatype%22%3A+%22movie%22%2C+%22TVshowtitle%22%3A+%22%22%2C+%22season%22%3A+0%2C+%22episode%22%3A+0%2C+%22OriginalTitle%22%3A+%22+%22%2C+%22rating%22%3A+%220%22%2C+%22plot%22%3A+%22Shake+Them+Ropes%22%2C+%22Tag%22%3A+%22None%22%2C+%22id%22%3A+%22+%22%7D",return)</action>
		</shortcut>
	<shortcut>
		<defaultID />
		<label>Pluto Sports</label>
		<label2>Video Add-On</label2>
		<icon>DefaultShortcut.png</icon>
		<thumb>special://home/addons/resource.images.skinicons.wide/resources/icons/pluto.png</thumb>
		<action>ActivateWindow(Videos,"plugin://slyguy.pluto.tv.provider/?_=live_tv&amp;code=us&amp;group=Sports",return)</action>
		</shortcut>
	<shortcut>
		<defaultID>plugin.video.purelywrestling</defaultID>
		<label>Purely Wrestling</label>
		<label2>Video Add-On</label2>
		<icon>DefaultShortcut.png</icon>
		<thumb>special://home/addons/resource.images.skinicons.wide/resources/icons/purelywrestling.png</thumb>
		<action>ActivateWindow(Videos,"plugin://plugin.video.purelywrestling",return)</action>
		</shortcut>
	<shortcut>
		<defaultID />
		<label>Asgard Sports</label>
		<label2>Video Add-On</label2>
		<icon>DefaultShortcut.png</icon>
		<thumb>special://home/addons/resource.images.skinicons.wide/resources/icons/asgard.png</thumb>
		<action>ActivateWindow(Videos,"plugin://plugin.video.asgard/?mode=189&amp;iconimage=https%3A%2F%2Fmylostsoulspace.co.uk%2Fimages%2Fasg%2Ficon.png&amp;fanart=https%3A%2F%2Fmylostsoulspace.co.uk%2Fimages%2Fasg%2Ffanart.jpg&amp;description=Sports&amp;url=https%3A%2F%2Fmylostsoulspace.co.uk%2FAddon-1%2FAddon%2Ftext%2Fsport.xml&amp;name=%5BCOLOR+goldenrod%5DAsgard+Sports+Section%5B%2FCOLOR%5D&amp;image_master=&amp;heb_name=+&amp;last_id=&amp;dates=+&amp;data=+&amp;original_title=+&amp;id=+&amp;season=+&amp;episode=+&amp;tmdbid=+&amp;eng_name=+&amp;show_original_year=+&amp;isr=0&amp;fav_status=false&amp;all_w=%7B%7D&amp;search_db=&amp;mypass=&amp;iconimage=https%3A%2F%2Fmylostsoulspace.co.uk%2Fimages%2Fasg%2Ficon.png&amp;fanart=https%3A%2F%2Fmylostsoulspace.co.uk%2Fimages%2Fasg%2Ffanart.jpg&amp;description=Sports&amp;url=https%3A%2F%2Fmylostsoulspace.co.uk%2FAddon-1%2FAddon%2Ftext%2Fsport.xml&amp;name=%5BCOLOR+goldenrod%5DAsgard+Sports+Section%5B%2FCOLOR%5D&amp;image_master=&amp;heb_name=+&amp;last_id=&amp;dates=+&amp;data=+&amp;original_title=+&amp;id=+&amp;season=+&amp;episode=+&amp;tmdbid=+&amp;eng_name=+&amp;show_original_year=+&amp;fav_status=false&amp;all_w=%7B%7D&amp;search_db=&amp;mypass=&amp;video_data=%7B%22title%22%3A+%22%5BCOLOR+goldenrod%5DAsgard+Sports+Section%5B%2FCOLOR%5D%22%2C+%22mediatype%22%3A+%22movie%22%2C+%22TVshowtitle%22%3A+%22%22%2C+%22season%22%3A+0%2C+%22episode%22%3A+0%2C+%22OriginalTitle%22%3A+%22+%22%2C+%22rating%22%3A+%220%22%2C+%22plot%22%3A+%22Sports%22%2C+%22Tag%22%3A+%22None%22%2C+%22id%22%3A+%22+%22%7D&amp;video_data=%7B%22title%22%3A+%22%5BCOLOR+goldenrod%5DAsgard+Sports+Section%5B%2FCOLOR%5D%22%2C+%22mediatype%22%3A+%22movie%22%2C+%22TVshowtitle%22%3A+%22%22%2C+%22season%22%3A+0%2C+%22episode%22%3A+0%2C+%22OriginalTitle%22%3A+%22+%22%2C+%22rating%22%3A+%220%22%2C+%22plot%22%3A+%22Sports%22%2C+%22Tag%22%3A+%22None%22%2C+%22id%22%3A+%22+%22%7D",return)</action>
		</shortcut>
	<shortcut>
		<defaultID>plugin.video.powernationtv</defaultID>
		<label>PowerNation TV</label>
		<label2>Video Add-On</label2>
		<icon>DefaultShortcut.png</icon>
		<thumb>special://home/addons/resource.images.skinicons.wide/resources/icons/pn.png</thumb>
		<action>ActivateWindow(Videos,"plugin://plugin.video.powernationtv",return)</action>
		</shortcut>
	<shortcut>
		<defaultID>plugin.video.sportstv</defaultID>
		<label>Sports.TV</label>
		<label2>Video Add-On</label2>
		<icon>DefaultShortcut.png</icon>
		<thumb>special://home/addons/resource.images.skinicons.wide/resources/icons/sports.tv.png</thumb>
		<action>ActivateWindow(Videos,"plugin://plugin.video.sportstv",return)</action>
		</shortcut>
	<shortcut>
		<defaultID>plugin.video.stadium</defaultID>
		<label>Stadium</label>
		<label2>Video Add-On</label2>
		<icon>DefaultShortcut.png</icon>
		<thumb>special://home/addons/resource.images.skinicons.wide/resources/icons/stadium.png</thumb>
		<action>ActivateWindow(Videos,"plugin://plugin.video.stadium",return)</action>
		</shortcut>
	<shortcut>
		<defaultID>plugin.video.redbull.tv</defaultID>
		<label>Red Bull TV</label>
		<label2>Video Add-On</label2>
		<icon>DefaultShortcut.png</icon>
		<thumb>special://home/addons/resource.images.skinicons.wide/resources/icons/redbull.png</thumb>
		<action>ActivateWindow(Videos,"plugin://plugin.video.redbull.tv",return)</action>
		</shortcut>
	</shortcuts>
