<shortcuts>
	<shortcut>
		<defaultID />
		<label>1- Install Arcade</label>
		<label2>Custom item</label2>
		<icon>DefaultShortcut.png</icon>
		<thumb />
		<action>installaddon(plugin.program.iagl)</action>
		</shortcut>
	<shortcut>
		<defaultID />
		<label>2- Run Setup</label>
		<label2>Custom item</label2>
		<icon>DefaultShortcut.png</icon>
		<thumb />
		<action>RunScript(special://home/addons/plugin.program.iagl/run_IAGL_wizard.py)</action>
		</shortcut>
	<shortcut>
		<defaultID />
		<label>Delete Installed Games</label>
		<label2>Custom item</label2>
		<icon>DefaultShortcut.png</icon>
		<thumb />
		<action>RunScript(special://home/addons/plugin.program.iagl/clear_IAGL_cache.py)</action>
		</shortcut>
	<shortcut>
		<defaultID />
		<label>Last Played</label>
		<label2>Custom item</label2>
		<icon>DefaultShortcut.png</icon>
		<thumb />
		<action>ActivateWindow(Videos,&amp;quot;plugin://plugin.program.iagl/game_history/list_all/history&amp;quot;,return)</action>
		</shortcut>
	<shortcut>
		<defaultID />
		<label>Favorite Games</label>
		<label2>Custom item</label2>
		<icon>DefaultShortcut.png</icon>
		<thumb />
		<action>ActivateWindow(Videos,&amp;quot;plugin://plugin.program.iagl/archives/by_category/Favorites&amp;quot;,return)</action>
		</shortcut>
	<shortcut>
		<defaultID />
		<label>Search Games</label>
		<label2>Custom item</label2>
		<icon>DefaultShortcut.png</icon>
		<thumb />
		<action>ActivateWindow(Videos,&amp;quot;plugin://plugin.program.iagl/archives/by_category/Search&amp;quot;,return)</action>
		</shortcut>
	<shortcut>
		<defaultID />
		<label>Setup Controllers</label>
		<label2>Custom item</label2>
		<icon>DefaultShortcut.png</icon>
		<thumb />
		<action>ActivateWindow(&amp;quot;10820&amp;quot;,&amp;quot;DialogGameControllers.xml&amp;quot;,return)</action>
		</shortcut>
	<shortcut>
		<defaultID />
		<label>Install Bios Files</label>
		<label2>Custom item</label2>
		<icon>DefaultShortcut.png</icon>
		<thumb />
		<action>ActivateWindow(Programs,"plugin://plugin.program.retrobiostool",return)</action>
		</shortcut>
	<shortcut>
		<defaultID />
		<label>Arcade Settings</label>
		<label2>Custom item</label2>
		<icon>DefaultShortcut.png</icon>
		<thumb />
		<action>addon.opensettings(plugin.program.iagl)</action>
		</shortcut>
	</shortcuts>
