<shortcuts>
	<shortcut>
		<defaultID />
		<label>Watchlist</label>
		<label2>Custom item</label2>
		<icon>DefaultShortcut.png</icon>
		<thumb>thumb</thumb>
		<action>ActivateWindow(Videos,"plugin://plugin.video.umbrella/?action=tvshows&amp;url=traktwatchlist&amp;folderName=Trakt+Watchlist",return)</action>
		</shortcut>
	<shortcut>
		<defaultID />
		<label>Collection</label>
		<label2>Custom item</label2>
		<icon>DefaultShortcut.png</icon>
		<thumb>thumb</thumb>
		<action>ActivateWindow(Videos,"plugin://plugin.video.umbrella/?action=tvshows&amp;url=traktcollection&amp;folderName=Collection",return)</action>
		</shortcut>
	<shortcut>
		<defaultID />
		<label>Your Calendar</label>
		<label2>Custom item</label2>
		<icon>DefaultShortcut.png</icon>
		<thumb>thumb</thumb>
		<action>ActivateWindow(Videos,"plugin://plugin.video.umbrella/?action=calendars&amp;folderName=Calendar+%28TVMaze%29",return)</action>
		</shortcut>
	<shortcut>
		<defaultID />
		<label>Episodes Airing Next</label>
		<label2>Custom item</label2>
		<icon>DefaultShortcut.png</icon>
		<thumb>thumb</thumb>
		<action>ActivateWindow(Videos,"plugin://plugin.video.umbrella/?action=upcomingProgress&amp;url=progress&amp;folderName=Upcoming+Progress",return)</action>
		</shortcut>
	<shortcut>
		<defaultID />
		<label>Your Lists</label>
		<label2>Custom item</label2>
		<icon>DefaultShortcut.png</icon>
		<thumb>thumb</thumb>
		<action>ActivateWindow(Videos,"plugin://plugin.video.umbrella/?action=tvUserlists&amp;folderName=TV+Show+Lists",return)</action>
		</shortcut>
	<shortcut>
		<defaultID />
		<label>Liked Lists</label>
		<label2>Custom item</label2>
		<icon>DefaultShortcut.png</icon>
		<thumb>thumb</thumb>
		<action>ActivateWindow(Videos,"plugin://plugin.video.umbrella/?action=shows_LikedLists&amp;folderName=My Liked Lists",return)</action>
		</shortcut>
	<shortcut>
		<defaultID />
		<label>History</label>
		<label2>Video Add-On</label2>
		<icon>DefaultShortcut.png</icon>
		<thumb>image://C%3a%5cUsers%5cjeddi%5cAppData%5cRoaming%5cKodi%5caddons%5cplugin.video.umbrella%5cresources%5cartwork%5cumbrella%5ctrakt.png/</thumb>
		<action>ActivateWindow(Videos,"plugin://plugin.video.umbrella/?action=calendar&amp;url=trakthistory&amp;folderName=History",return)</action>
		</shortcut>
	<shortcut>
		<defaultID />
		<label>Trakt Trending Lists</label>
		<label2>Video Add-On</label2>
		<icon>DefaultShortcut.png</icon>
		<thumb>image://C%3a%5cUsers%5cjeddi%5cAppData%5cRoaming%5cKodi%5caddons%5cplugin.video.umbrella%5cresources%5cartwork%5cumbrella%5ctvshows.png/</thumb>
		<action>ActivateWindow(Videos,"plugin://plugin.video.umbrella/?action=tv_PublicLists&amp;url=trakt_trendingLists&amp;folderName=Trakt+Trending+Lists",return)</action>
		</shortcut>
	<shortcut>
		<defaultID />
		<label>Search Trakt Lists</label>
		<label2>Video Add-On</label2>
		<icon>DefaultShortcut.png</icon>
		<thumb>thumb</thumb>
		<action>ActivateWindow(Videos,"plugin://plugin.video.themoviedb.helper/?info=trakt_searchlists&amp;tmdb_type=both&amp;widget=true&amp;reload=$INFO[Window(Home).Property(TMDbHelper.Widgets.Reload)]&amp;reload=$INFO[Window(Home).Property(TMDbHelper.Widgets.Reload)]",return)</action>
		</shortcut>
	<shortcut>
		<defaultID />
		<label>Trakt Manager</label>
		<label2>Video Add-On</label2>
		<icon>DefaultShortcut.png</icon>
		<thumb>image://C%3a%5cUsers%5cjeddi%5cAppData%5cRoaming%5cKodi%5caddons%5cplugin.video.umbrella%5cresources%5cartwork%5cumbrella%5ctools.png/</thumb>
		<action>ActivateWindow(Videos,"plugin://plugin.video.umbrella/?action=tools_traktToolsNavigator&amp;folderName=Trakt+Management+Tools",return)</action>
		</shortcut>
	</shortcuts>
