<shortcuts>
	<shortcut>
		<defaultID>plugin.audio.pandoki</defaultID>
		<label>Pandoki (US)</label>
		<label2>Music Add-On</label2>
		<icon>DefaultShortcut.png</icon>
		<thumb>special://home/addons/resource.images.skinicons.wide/resources/icons/pandora.png</thumb>
		<action>ActivateWindow(Music,"plugin://plugin.audio.pandoki",return)</action>
		</shortcut>
	<shortcut>
		<defaultID />
		<label>Pluto Music Videos</label>
		<label2>Video Add-On</label2>
		<icon>DefaultShortcut.png</icon>
		<thumb>special://home/addons/resource.images.skinicons.wide/resources/icons/pluto.png</thumb>
		<action>ActivateWindow(Videos,"plugin://slyguy.pluto.tv.provider/?_=live_tv&amp;code=us&amp;group=Music+Videos",return)</action>
		</shortcut>
	<shortcut>
		<defaultID>plugin.audio.mixcloud</defaultID>
		<label>Mixcloud</label>
		<label2>Music Add-On</label2>
		<icon>DefaultShortcut.png</icon>
		<thumb>special://home/addons/resource.images.skinicons.wide/resources/icons/mixcloud.png</thumb>
		<action>ActivateWindow(Music,"plugin://plugin.audio.mixcloud",return)</action>
		</shortcut>
	<shortcut>
		<defaultID>plugin.audio.mp3streams</defaultID>
		<label>MP3 Streams</label>
		<label2>Music Add-On</label2>
		<icon>DefaultShortcut.png</icon>
		<thumb>special://home/addons/resource.images.skinicons.wide/resources/icons/mp3streams.jpg</thumb>
		<action>ActivateWindow(Music,"plugin://plugin.audio.mp3streams",return)</action>
		</shortcut>
	<shortcut>
		<defaultID>plugin.audio.dashradio</defaultID>
		<label>LITT Radio</label>
		<label2>Music Add-On</label2>
		<icon>DefaultShortcut.png</icon>
		<thumb>special://home/addons/resource.images.skinicons.wide/resources/icons/littradio.png</thumb>
		<action>ActivateWindow(Music,"plugin://plugin.audio.dashradio",return)</action>
		</shortcut>
	<shortcut>
		<defaultID>plugin.audio.soundcloud</defaultID>
		<label>SoundCloud</label>
		<label2>Music Add-On</label2>
		<icon>DefaultShortcut.png</icon>
		<thumb>special://home/addons/resource.images.skinicons.wide/resources/icons/soundcloud.png</thumb>
		<action>ActivateWindow(Music,"plugin://plugin.audio.soundcloud",return)</action>
		</shortcut>
	<shortcut>
		<defaultID>plugin.audio.datpiff</defaultID>
		<label>Datpiff HipHop</label>
		<label2>Music Add-On</label2>
		<icon>DefaultShortcut.png</icon>
		<thumb>special://home/addons/resource.images.skinicons.wide/resources/icons/datpiff.png</thumb>
		<action>ActivateWindow(Music,"plugin://plugin.audio.datpiff",return)</action>
		</shortcut>
	<shortcut>
		<defaultID>plugin.video.worldstarhiphop</defaultID>
		<label>World Star Hip Hop</label>
		<label2>Video Add-On</label2>
		<icon>DefaultShortcut.png</icon>
		<thumb>special://home/addons/resource.images.skinicons.wide/resources/icons/worldstar.png</thumb>
		<action>ActivateWindow(Videos,"plugin://plugin.video.worldstarhiphop",return)</action>
		</shortcut>
	<shortcut>
		<defaultID>plugin.video.fidoK19/get_list/https://goo.gl/fWjXMs</defaultID>
		<label>[B]CARPOOL KARAOKE[/B]</label>
		<label2>Video Add-On</label2>
		<icon>DefaultShortcut.png</icon>
		<thumb>special://home/addons/resource.images.skinicons.wide/resources/icons/carpool.png</thumb>
		<action>ActivateWindow(Videos,"plugin://plugin.video.fidoK19/get_list/https://goo.gl/fWjXMs",return)</action>
		</shortcut>
	<shortcut>
		<defaultID>plugin.audio.radio_de</defaultID>
		<label>Radio</label>
		<label2>Custom item</label2>
		<icon>DefaultShortcut.png</icon>
		<thumb>special://home/addons/resource.images.skinicons.wide/resources/icons/radio.png</thumb>
		<action>ActivateWindow(Music,"plugin://plugin.audio.radio_de_light",return)</action>
		</shortcut>
	<shortcut>
		<defaultID>plugin.video.essential</defaultID>
		<label>Essential</label>
		<label2>Video Add-On</label2>
		<icon>DefaultShortcut.png</icon>
		<thumb>special://home/addons/resource.images.skinicons.wide/resources/icons/essential.jpg</thumb>
		<action>ActivateWindow(Videos,"plugin://plugin.video.essential",return)</action>
		</shortcut>
	<shortcut>
		<defaultID>plugin.video.fdj.hd.p3</defaultID>
		<label>FDJ.HD</label>
		<label2>Video Add-On</label2>
		<icon>DefaultShortcut.png</icon>
		<thumb>special://home/addons/resource.images.skinicons.wide/resources/icons/fdj.png</thumb>
		<action>ActivateWindow(Videos,"plugin://plugin.video.fdj.hd.p3",return)</action>
		</shortcut>
	<shortcut>
		<defaultID>plugin.video.fidoK19/get_list/http://fantazyrepo.uk/addonimages/fido.addon/Music/Music.json</defaultID>
		<label>Fido Music</label>
		<label2>Video Add-On</label2>
		<icon>DefaultShortcut.png</icon>
		<thumb>special://home/addons/resource.images.skinicons.wide/resources/icons/fido.png</thumb>
		<action>ActivateWindow(Videos,"plugin://plugin.video.fidoK19/get_list/http://fantazyrepo.uk/addonimages/fido.addon/Music/Music.json",return)</action>
		</shortcut>
	<shortcut>
		<defaultID>plugin.video.kodikaraoke</defaultID>
		<label>Kodi Karaoke</label>
		<label2>Video Add-On</label2>
		<icon>DefaultShortcut.png</icon>
		<thumb>special://home/addons/resource.images.skinicons.wide/resources/icons/karaoke.png</thumb>
		<action>ActivateWindow(Videos,"plugin://plugin.video.kodikaraoke",return)</action>
		</shortcut>
	<shortcut>
		<defaultID />
		<label>MD Music</label>
		<label2>Video Add-On</label2>
		<icon>DefaultShortcut.png</icon>
		<thumb>special://home/addons/resource.images.skinicons.wide/resources/icons/magicdragon.png</thumb>
		<action>ActivateWindow(Videos,"plugin://plugin.video.magicdragon/?mode=189&amp;iconimage=https%3A%2F%2Fi.imgur.com%2Fdm1Tk83.png&amp;fanart=https%3A%2F%2Fi.imgur.com%2FU5nKN8r.jpg&amp;description=%5BB%5D%5BCOLORyellow%5DMagic+Dragon+Concerts%5B%2FB%5D%5B%2FCOLOR%5D&amp;url=https%3A%2F%2Fraw.githubusercontent.com%2Ftombebbs1%2FMagicDragonKodi18%2Fmaster%2Fgreatesthits.xml&amp;name=%5BB%5D%5BCOLORyellow%5DMD+Greatest+Hits%5B%2FB%5D%5B%2FCOLOR%5D&amp;image_master=&amp;heb_name=+&amp;last_id=&amp;dates=+&amp;data=+&amp;original_title=+&amp;id=+&amp;season=+&amp;episode=+&amp;tmdbid=+&amp;eng_name=+&amp;show_original_year=+&amp;isr=0&amp;fav_status=false&amp;all_w=%7B%7D&amp;search_db=&amp;mypass=&amp;iconimage=https%3A%2F%2Fi.imgur.com%2Fdm1Tk83.png&amp;fanart=https%3A%2F%2Fi.imgur.com%2FU5nKN8r.jpg&amp;description=%5BB%5D%5BCOLORyellow%5DMagic+Dragon+Concerts%5B%2FB%5D%5B%2FCOLOR%5D&amp;url=https%3A%2F%2Fraw.githubusercontent.com%2Ftombebbs1%2FMagicDragonKodi18%2Fmaster%2Fgreatesthits.xml&amp;name=%5BB%5D%5BCOLORyellow%5DMD+Greatest+Hits%5B%2FB%5D%5B%2FCOLOR%5D&amp;image_master=&amp;heb_name=+&amp;last_id=&amp;dates=+&amp;data=+&amp;original_title=+&amp;id=+&amp;season=+&amp;episode=+&amp;tmdbid=+&amp;eng_name=+&amp;show_original_year=+&amp;fav_status=false&amp;all_w=%7B%7D&amp;search_db=&amp;mypass=&amp;video_data=%7B%22title%22%3A+%22%5BB%5D%5BCOLORyellow%5DMD+Greatest+Hits%5B%2FB%5D%5B%2FCOLOR%5D%22%2C+%22mediatype%22%3A+%22movie%22%2C+%22TVshowtitle%22%3A+%22%22%2C+%22season%22%3A+0%2C+%22episode%22%3A+0%2C+%22OriginalTitle%22%3A+%22+%22%2C+%22rating%22%3A+%220%22%2C+%22plot%22%3A+%22%5BB%5D%5BCOLORyellow%5DMagic+Dragon+Concerts%5B%2FB%5D%5B%2FCOLOR%5D%22%2C+%22Tag%22%3A+%22None%22%2C+%22id%22%3A+%22+%22%7D&amp;video_data=%7B%22title%22%3A+%22%5BB%5D%5BCOLORyellow%5DMD+Greatest+Hits%5B%2FB%5D%5B%2FCOLOR%5D%22%2C+%22mediatype%22%3A+%22movie%22%2C+%22TVshowtitle%22%3A+%22%22%2C+%22season%22%3A+0%2C+%22episode%22%3A+0%2C+%22OriginalTitle%22%3A+%22+%22%2C+%22rating%22%3A+%220%22%2C+%22plot%22%3A+%22%5BB%5D%5BCOLORyellow%5DMagic+Dragon+Concerts%5B%2FB%5D%5B%2FCOLOR%5D%22%2C+%22Tag%22%3A+%22None%22%2C+%22id%22%3A+%22+%22%7D",return)</action>
		</shortcut>
	</shortcuts>
