<shortcuts>
	<shortcut>
		<defaultID />
		<label>Music Videos</label>
		<label2>Video Add-On</label2>
		<icon>DefaultShortcut.png</icon>
		<thumb>image://special%3a%2f%2fhome%2faddons%2fresource.images.skinicons.wide%2fresources%2ficons%2fmusicvideos.png/</thumb>
		<action>ActivateWindow(Videos,"plugin://plugin.program.super.favourites/?label=Music+Videos&amp;mode=400&amp;path=special%3A%2F%2Fprofile%2Faddon_data%2Fplugin.program.super.favourites%2FSuper+Favourites%5CMusic+Videos&amp;image=special%3A%2F%2Fhome%2Faddons%2Fresource.images.skinicons.wide%2Fresources%2Ficons%2Fmusicvideos.png&amp;fanart=https%3A%2F%2Fs3.amazonaws.com%2Fpluto.tv%2Fchannelcategory%2F5c12fe491cbd932b678e3d85%2FMusic-1583898646268.svg&amp;content_type=",return)</action>
		</shortcut>
	<shortcut>
		<defaultID />
		<label>Concerts</label>
		<label2>Video Add-On</label2>
		<icon>DefaultShortcut.png</icon>
		<thumb>image://special%3a%2f%2fhome%2faddons%2fresource.images.skinicons.wide%2fresources%2ficons%2fconcerts.png/</thumb>
		<action>ActivateWindow(Videos,"plugin://plugin.program.super.favourites/?label=Concerts&amp;mode=400&amp;path=special%3A%2F%2Fprofile%2Faddon_data%2Fplugin.program.super.favourites%2FSuper+Favourites%5CConcerts&amp;image=special%3A%2F%2Fhome%2Faddons%2Fresource.images.skinicons.wide%2Fresources%2Ficons%2Fconcerts.png&amp;fanart=special%3A%2F%2Fhome%2Faddons%5Cplugin.video.halcyon%5Cfanart.jpg&amp;content_type=",return)</action>
		</shortcut>
	<shortcut>
		<defaultID />
		<label>MP3 Downloads</label>
		<label2>Music Source</label2>
		<icon>DefaultShortcut.png</icon>
		<thumb />
		<action>ActivateWindow(10502,special://profile/addon_data/script.skinshortcuts/1.xsp,return)</action>
		</shortcut>
	<shortcut>
		<defaultID>music</defaultID>
		<label>Music Library</label>
		<label2>Music</label2>
		<icon>DefaultAddonMusic.png</icon>
		<thumb />
		<action>ActivateWindow(Music,musicdb://,return)</action>
		</shortcut>
	<shortcut>
		<defaultID>1214</defaultID>
		<label>Music Sources</label>
		<label2>Music</label2>
		<icon>DefaultAddonMusic.png</icon>
		<thumb />
		<action>ActivateWindow(Music,library://music/,return)</action>
		</shortcut>
	<shortcut>
		<defaultID>136</defaultID>
		<label>Music Playlists</label>
		<label2>item</label2>
		<icon>DefaultMusicPlaylists.png</icon>
		<thumb />
		<action>ActivateWindow(music,special://musicplaylists/,return)</action>
		</shortcut>
	<shortcut>
		<defaultID>341</defaultID>
		<label>341</label>
		<label2>Play disc</label2>
		<icon>DefaultVCD.png</icon>
		<thumb />
		<action>PlayDisc</action>
		</shortcut>
	<shortcut>
		<defaultID>31485</defaultID>
		<label>$SKIN[31485|skin.aeon.nox.silvo|None]</label>
		<label2>Eject disc</label2>
		<icon>DefaultVCD.png</icon>
		<thumb />
		<action>EjectTray()</action>
		</shortcut>
	</shortcuts>
