<shortcuts>
	<shortcut>
		<defaultID>b-channels-b</defaultID>
		<label>4K Youtube</label>
		<label2>Favourite</label2>
		<icon>DefaultFolder.png</icon>
		<thumb>special://home/addons/resource.images.skinicons.wide/resources/icons/4k.png</thumb>
		<action>ActivateWindow(10025,"plugin://plugin.video.youtube/kodion/search/query/?category_label=Channels&amp;q=4k&amp;search_type=channel",return)</action>
		</shortcut>
	<shortcut>
		<defaultID>plugin.video.xtasy19</defaultID>
		<label>Xtasy.D</label>
		<label2>Video Add-On</label2>
		<icon>DefaultShortcut.png</icon>
		<thumb>special://home/addons/resource.images.skinicons.wide/resources/icons/xd.png</thumb>
		<action>ActivateWindow(Videos,"plugin://plugin.video.xtasy19",return)</action>
		</shortcut>
	<shortcut>
		<defaultID>plugin.video.BRAIN_DRAIN</defaultID>
		<label>BRAIN DRAIN</label>
		<label2>Video Add-On</label2>
		<icon>DefaultShortcut.png</icon>
		<thumb>special://home/addons/resource.images.skinicons.wide/resources/icons/braindrain.png</thumb>
		<action>ActivateWindow(Videos,"plugin://plugin.video.BRAIN_DRAIN",return)</action>
		</shortcut>
	<shortcut>
		<defaultID>plugin.video.kidzclub</defaultID>
		<label>Kidz Club</label>
		<label2>Video Add-On</label2>
		<icon>DefaultShortcut.png</icon>
		<thumb>special://home/addons/resource.images.skinicons.wide/resources/icons/kidzclub.png</thumb>
		<action>ActivateWindow(Videos,"plugin://plugin.video.kidzclub",return)</action>
		</shortcut>
	<shortcut>
		<defaultID>plugin.video.channels</defaultID>
		<label>Channels</label>
		<label2>Video Add-On</label2>
		<icon>DefaultShortcut.png</icon>
		<thumb>special://home/addons/resource.images.skinicons.wide/resources/icons/channels1.png</thumb>
		<action>ActivateWindow(Videos,"plugin://plugin.video.channels",return)</action>
		</shortcut>
	<shortcut>
		<defaultID>plugin.video.diyfix</defaultID>
		<label>Diy Fix</label>
		<label2>Video Add-On</label2>
		<icon>DefaultShortcut.png</icon>
		<thumb>special://home/addons/resource.images.skinicons.wide/resources/icons/diyfix.png</thumb>
		<action>ActivateWindow(Videos,"plugin://plugin.video.diyfix",return)</action>
		</shortcut>
	<shortcut>
		<defaultID>plugin.video.muzic</defaultID>
		<label>Muzic</label>
		<label2>Video Add-On</label2>
		<icon>DefaultShortcut.png</icon>
		<thumb>special://home/addons/resource.images.skinicons.wide/resources/icons/muzic.png</thumb>
		<action>ActivateWindow(Videos,"plugin://plugin.video.muzic",return)</action>
		</shortcut>
	<shortcut>
		<defaultID>plugin.video.CRIME_SCENE</defaultID>
		<label>CRIME SCENE</label>
		<label2>Video Add-On</label2>
		<icon>DefaultShortcut.png</icon>
		<thumb>special://home/addons/resource.images.skinicons.wide/resources/icons/crimescene.jpg</thumb>
		<action>ActivateWindow(Videos,"plugin://plugin.video.CRIME_SCENE",return)</action>
		</shortcut>
	<shortcut>
		<defaultID>plugin.video.docula</defaultID>
		<label>Docula</label>
		<label2>Video Add-On</label2>
		<icon>DefaultShortcut.png</icon>
		<thumb>special://home/addons/resource.images.skinicons.wide/resources/icons/ducula.png</thumb>
		<action>ActivateWindow(Videos,"plugin://plugin.video.docula",return)</action>
		</shortcut>
	<shortcut>
		<defaultID>plugin.video.FightTube</defaultID>
		<label>Fight Tube</label>
		<label2>Video Add-On</label2>
		<icon>DefaultShortcut.png</icon>
		<thumb>special://home/addons/resource.images.skinicons.wide/resources/icons/fighttube.jpg</thumb>
		<action>ActivateWindow(Videos,"plugin://plugin.video.FightTube",return)</action>
		</shortcut>
	<shortcut>
		<defaultID>plugin.video.GearZ</defaultID>
		<label>GearZ</label>
		<label2>Video Add-On</label2>
		<icon>DefaultShortcut.png</icon>
		<thumb>special://home/addons/resource.images.skinicons.wide/resources/icons/gearz.jpg</thumb>
		<action>ActivateWindow(Videos,"plugin://plugin.video.GearZ",return)</action>
		</shortcut>
	<shortcut>
		<defaultID>plugin.video.RockConcert</defaultID>
		<label>Rock Concert</label>
		<label2>Video Add-On</label2>
		<icon>DefaultShortcut.png</icon>
		<thumb>special://home/addons/resource.images.skinicons.wide/resources/icons/rockconcert.png</thumb>
		<action>ActivateWindow(Videos,"plugin://plugin.video.RockConcert",return)</action>
		</shortcut>
	<shortcut>
		<defaultID>plugin.video.VMAXX</defaultID>
		<label>VMAXX</label>
		<label2>Video Add-On</label2>
		<icon>DefaultShortcut.png</icon>
		<thumb>special://home/addons/resource.images.skinicons.wide/resources/icons/vmaxx.png</thumb>
		<action>ActivateWindow(Videos,"plugin://plugin.video.VMAXX",return)</action>
		</shortcut>
	</shortcuts>
