<shortcuts>
	<shortcut>
		<defaultID />
		<label>TMDBH</label>
		<label2>Video Add-On</label2>
		<icon>DefaultShortcut.png</icon>
		<thumb>special://home/addons/resource.images.skinicons.wide/resources/icons/tmdbh.png</thumb>
		<action>ActivateWindow(Videos,"plugin://plugin.video.themoviedb.helper/?info=dir_movie&amp;tmdb_type=None&amp;widget=true&amp;reload=$INFO[Window(Home).Property(TMDbHelper.Widgets.Reload)]&amp;reload=$INFO[Window(Home).Property(TMDbHelper.Widgets.Reload)]",return)</action>
		</shortcut>
	<shortcut>
		<defaultID />
		<label>Umbrella Anime</label>
		<label2>Video Add-On</label2>
		<icon>DefaultShortcut.png</icon>
		<thumb>special://home/addons/resource.images.skinicons.wide/resources/icons/anime.png</thumb>
		<action>ActivateWindow(Videos,"plugin://plugin.video.umbrella/?action=anime_Movies&amp;url=anime&amp;folderName=Movies",return)</action>
		</shortcut>
	<shortcut>
		<defaultID />
		<label>Movies Providers</label>
		<label2>Custom item</label2>
		<icon>DefaultShortcut.png</icon>
		<thumb>special://home/addons/resource.images.skinicons.wide/resources/icons/providers.gif</thumb>
		<action>ActivateWindow(Videos,"plugin://plugin.video.themoviedb.helper/?info=watch_providers&amp;tmdb_type=movie&amp;widget=true&amp;reload=$INFO[Window(Home).Property(TMDbHelper.Widgets.Reload)]&amp;reload=$INFO[Window(Home).Property(TMDbHelper.Widgets.Reload)]",return)</action>
		</shortcut>
	<shortcut>
		<defaultID />
		<label>Movie Portal</label>
		<label2>Custom item</label2>
		<icon>DefaultShortcut.png</icon>
		<thumb>special://home/addons/resource.images.skinicons.wide/resources/icons/warp.gif</thumb>
		<action>RunScript(script.extendedinfo,info=allmovies)</action>
		</shortcut>
	<shortcut>
		<defaultID />
		<label>Latest Movies</label>
		<label2>Custom item</label2>
		<icon>DefaultShortcut.png</icon>
		<thumb>special://home/addons/resource.images.skinicons.wide/resources/icons/newreleases.png</thumb>
		<action>ActivateWindow(Videos,"plugin://plugin.video.umbrella/?action=movies&amp;folderName=Latest+releases&amp;url=https%3A%2F%2Fapi.trakt.tv%2Fusers%2Fgarycrawfordgc%2Flists%2F5308818%2Fitems%2Fmovies%3Flimit%3D20%26page%3D1&amp;folderName=Latest+releases+-+%5BCOLOR+FFFFFF33%5Dgarycrawfordgc%5B%2FCOLOR%5D",return)</action>
		</shortcut>
	<shortcut>
		<defaultID />
		<label>Fen Movies</label>
		<label2>Video Add-On</label2>
		<icon>DefaultShortcut.png</icon>
		<thumb>special://home/addons/resource.images.skinicons.wide/resources/icons/fenlight.png</thumb>
		<action>ActivateWindow(Videos,"plugin://plugin.video.fenlight/?name=32028&amp;iconImage=movies&amp;mode=navigator.main&amp;action=MovieList",return)</action>
		</shortcut>
	<shortcut>
		<defaultID />
		<label>Umbrella Movies</label>
		<label2>Video Add-On</label2>
		<icon>DefaultShortcut.png</icon>
		<thumb>special://home/addons/resource.images.skinicons.wide/resources/icons/umbrella.png</thumb>
		<action>ActivateWindow(Videos,"plugin://plugin.video.umbrella/?action=movieNavigator&amp;folderName=Discover+Movies",return)</action>
		</shortcut>
	<shortcut>
		<defaultID />
		<label>Seren Movies</label>
		<label2>Video Add-On</label2>
		<icon>DefaultShortcut.png</icon>
		<thumb>special://home/addons/resource.images.skinicons.wide/resources/icons/seren.jpg</thumb>
		<action>ActivateWindow(Videos,"plugin://plugin.video.seren/?action=moviesHome",return)</action>
		</shortcut>
	<shortcut>
		<defaultID />
		<label>POV Movies</label>
		<label2>Video Add-On</label2>
		<icon>DefaultShortcut.png</icon>
		<thumb>special://home/addons/resource.images.skinicons.wide/resources/icons/pov.png</thumb>
		<action>ActivateWindow(Videos,"plugin://plugin.video.pov/?name=32028&amp;iconImage=movies.png&amp;mode=navigator.main&amp;action=MovieList",return)</action>
		</shortcut>
	<shortcut>
		<defaultID />
		<label>Coalition Movies</label>
		<label2>Video Add-On</label2>
		<icon>DefaultShortcut.png</icon>
		<thumb>special://home/addons/resource.images.skinicons.wide/resources/icons/coalition.png</thumb>
		<action>ActivateWindow(Videos,"plugin://plugin.video.coalition/?name=32028&amp;iconImage=movies.png&amp;mode=navigator.main&amp;action=MovieList",return)</action>
		<disabled>True</disabled>
		</shortcut>
	<shortcut>
		<defaultID />
		<label>The Crew Movies</label>
		<label2>Video Add-On</label2>
		<icon>DefaultShortcut.png</icon>
		<thumb>special://home/addons/resource.images.skinicons.wide/resources/icons/crew.png</thumb>
		<action>ActivateWindow(Videos,"plugin://plugin.video.thecrew/?action=movieNavigator",return)</action>
		</shortcut>
	<shortcut>
		<defaultID>plugin.video.asgard</defaultID>
		<label>Asgard</label>
		<label2>Video Add-On</label2>
		<icon>DefaultShortcut.png</icon>
		<thumb>special://home/addons/resource.images.skinicons.wide/resources/icons/asgard.png</thumb>
		<action>ActivateWindow(Videos,"plugin://plugin.video.asgard",return)</action>
		<disabled>True</disabled>
		</shortcut>
	<shortcut>
		<defaultID />
		<label>Retrowave</label>
		<label2>Video Add-On</label2>
		<icon>DefaultShortcut.png</icon>
		<thumb>special://home/addons/resource.images.skinicons.wide/resources/icons/retrowave.png</thumb>
		<action>ActivateWindow(Videos,"plugin://plugin.video.thechains/?mode=189&amp;iconimage=https%3A%2F%2Fi.imgur.com%2FUnhjm72.png&amp;fanart=https%3A%2F%2Fi.imgur.com%2FzySh89g.png&amp;description=Retrowave&amp;url=http%3A%2F%2Fthechains24.com%2Fbroken%2520chains%2FRETROWAVE%2FMAIN%2520DIR.txt&amp;name=Retrowave&amp;image_master=&amp;heb_name=+&amp;last_id=&amp;dates=+&amp;data=+&amp;original_title=+&amp;id=+&amp;season=+&amp;episode=+&amp;tmdbid=+&amp;eng_name=+&amp;show_original_year=+&amp;isr=0&amp;fav_status=false&amp;all_w=%7B%7D&amp;search_db=&amp;mypass=&amp;iconimage=https%3A%2F%2Fi.imgur.com%2FUnhjm72.png&amp;fanart=https%3A%2F%2Fi.imgur.com%2FzySh89g.png&amp;description=Retrowave&amp;url=http%3A%2F%2Fthechains24.com%2Fbroken%2520chains%2FRETROWAVE%2FMAIN%2520DIR.txt&amp;name=Retrowave&amp;image_master=&amp;heb_name=+&amp;last_id=&amp;dates=+&amp;data=+&amp;original_title=+&amp;id=+&amp;season=+&amp;episode=+&amp;tmdbid=+&amp;eng_name=+&amp;show_original_year=+&amp;fav_status=false&amp;all_w=%7B%7D&amp;search_db=&amp;mypass=&amp;video_data=%7B%22title%22%3A+%22Retrowave%22%2C+%22mediatype%22%3A+%22movie%22%2C+%22TVshowtitle%22%3A+%22%22%2C+%22season%22%3A+0%2C+%22episode%22%3A+0%2C+%22OriginalTitle%22%3A+%22+%22%2C+%22rating%22%3A+%220%22%2C+%22plot%22%3A+%22Retrowave%22%2C+%22Tag%22%3A+%22None%22%2C+%22id%22%3A+%22+%22%7D&amp;video_data=%7B%22title%22%3A+%22Retrowave%22%2C+%22mediatype%22%3A+%22movie%22%2C+%22TVshowtitle%22%3A+%22%22%2C+%22season%22%3A+0%2C+%22episode%22%3A+0%2C+%22OriginalTitle%22%3A+%22+%22%2C+%22rating%22%3A+%220%22%2C+%22plot%22%3A+%22Retrowave%22%2C+%22Tag%22%3A+%22None%22%2C+%22id%22%3A+%22+%22%7D",return)</action>
		<disabled>True</disabled>
		</shortcut>
	<shortcut>
		<defaultID />
		<label>House Of Horrors</label>
		<label2>Video Add-On</label2>
		<icon>DefaultShortcut.png</icon>
		<thumb>special://home/addons/resource.images.skinicons.wide/resources/icons/houseofhorrors.png</thumb>
		<action>ActivateWindow(Videos,"plugin://plugin.video.thechains/?mode=189&amp;iconimage=https%3A%2F%2Fi.imgur.com%2FlkphZaT.png&amp;fanart=https%3A%2F%2Fi.imgur.com%2FHpblidX.jpg&amp;description=House+Of+Horrors&amp;url=http%3A%2F%2Fthechains24.com%2FTHE%2520CRYPT%2FHORROR%2520MAIN.txt&amp;name=House+Of+Horrors&amp;image_master=&amp;heb_name=+&amp;last_id=&amp;dates=+&amp;data=+&amp;original_title=+&amp;id=+&amp;season=+&amp;episode=+&amp;tmdbid=+&amp;eng_name=+&amp;show_original_year=+&amp;isr=0&amp;fav_status=false&amp;all_w=%7B%7D&amp;search_db=&amp;mypass=&amp;iconimage=https%3A%2F%2Fi.imgur.com%2FlkphZaT.png&amp;fanart=https%3A%2F%2Fi.imgur.com%2FHpblidX.jpg&amp;description=House+Of+Horrors&amp;url=http%3A%2F%2Fthechains24.com%2FTHE%2520CRYPT%2FHORROR%2520MAIN.txt&amp;name=House+Of+Horrors&amp;image_master=&amp;heb_name=+&amp;last_id=&amp;dates=+&amp;data=+&amp;original_title=+&amp;id=+&amp;season=+&amp;episode=+&amp;tmdbid=+&amp;eng_name=+&amp;show_original_year=+&amp;fav_status=false&amp;all_w=%7B%7D&amp;search_db=&amp;mypass=&amp;video_data=%7B%22title%22%3A+%22House+Of+Horrors%22%2C+%22mediatype%22%3A+%22movie%22%2C+%22TVshowtitle%22%3A+%22%22%2C+%22season%22%3A+0%2C+%22episode%22%3A+0%2C+%22OriginalTitle%22%3A+%22+%22%2C+%22rating%22%3A+%220%22%2C+%22plot%22%3A+%22House+Of+Horrors%22%2C+%22Tag%22%3A+%22None%22%2C+%22id%22%3A+%22+%22%7D&amp;video_data=%7B%22title%22%3A+%22House+Of+Horrors%22%2C+%22mediatype%22%3A+%22movie%22%2C+%22TVshowtitle%22%3A+%22%22%2C+%22season%22%3A+0%2C+%22episode%22%3A+0%2C+%22OriginalTitle%22%3A+%22+%22%2C+%22rating%22%3A+%220%22%2C+%22plot%22%3A+%22House+Of+Horrors%22%2C+%22Tag%22%3A+%22None%22%2C+%22id%22%3A+%22+%22%7D",return)</action>
		<disabled>True</disabled>
		</shortcut>
	<shortcut>
		<defaultID />
		<label>Chain Reaction</label>
		<label2>Video Add-On</label2>
		<icon>DefaultShortcut.png</icon>
		<thumb>special://home/addons/resource.images.skinicons.wide/resources/icons/chains.png</thumb>
		<action>ActivateWindow(Videos,"plugin://plugin.video.thechains/?mode=189&amp;iconimage=https%3A%2F%2Fi.imgur.com%2Fv0Hsm6Y.png&amp;fanart=https%3A%2F%2Fi.imgur.com%2Fsp6hhpv.jpeg&amp;description=Chain+Reaction&amp;url=http%3A%2F%2Fthechains24.com%2Fbroken%2520chains%2Fchains.txt&amp;name=Chain+Reaction&amp;image_master=&amp;heb_name=+&amp;last_id=&amp;dates=+&amp;data=+&amp;original_title=+&amp;id=+&amp;season=+&amp;episode=+&amp;tmdbid=+&amp;eng_name=+&amp;show_original_year=+&amp;isr=0&amp;fav_status=false&amp;all_w=%7B%7D&amp;search_db=&amp;mypass=&amp;iconimage=https%3A%2F%2Fi.imgur.com%2Fv0Hsm6Y.png&amp;fanart=https%3A%2F%2Fi.imgur.com%2Fsp6hhpv.jpeg&amp;description=Chain+Reaction&amp;url=http%3A%2F%2Fthechains24.com%2Fbroken%2520chains%2Fchains.txt&amp;name=Chain+Reaction&amp;image_master=&amp;heb_name=+&amp;last_id=&amp;dates=+&amp;data=+&amp;original_title=+&amp;id=+&amp;season=+&amp;episode=+&amp;tmdbid=+&amp;eng_name=+&amp;show_original_year=+&amp;fav_status=false&amp;all_w=%7B%7D&amp;search_db=&amp;mypass=&amp;video_data=%7B%22title%22%3A+%22Chain+Reaction%22%2C+%22mediatype%22%3A+%22movie%22%2C+%22TVshowtitle%22%3A+%22%22%2C+%22season%22%3A+0%2C+%22episode%22%3A+0%2C+%22OriginalTitle%22%3A+%22+%22%2C+%22rating%22%3A+%220%22%2C+%22plot%22%3A+%22Chain+Reaction%22%2C+%22Tag%22%3A+%22None%22%2C+%22id%22%3A+%22+%22%7D&amp;video_data=%7B%22title%22%3A+%22Chain+Reaction%22%2C+%22mediatype%22%3A+%22movie%22%2C+%22TVshowtitle%22%3A+%22%22%2C+%22season%22%3A+0%2C+%22episode%22%3A+0%2C+%22OriginalTitle%22%3A+%22+%22%2C+%22rating%22%3A+%220%22%2C+%22plot%22%3A+%22Chain+Reaction%22%2C+%22Tag%22%3A+%22None%22%2C+%22id%22%3A+%22+%22%7D",return)</action>
		<disabled>True</disabled>
		</shortcut>
	<shortcut>
		<defaultID />
		<label>Crimewave</label>
		<label2>Video Add-On</label2>
		<icon>DefaultShortcut.png</icon>
		<thumb>special://home/addons/resource.images.skinicons.wide/resources/icons/crimewave.png</thumb>
		<action>ActivateWindow(Videos,"plugin://plugin.video.thechains/?mode=189&amp;iconimage=https%3A%2F%2Fi.imgur.com%2FxJ7JMl9.png&amp;fanart=https%3A%2F%2Fi.imgur.com%2FY16kRX5.png&amp;description=Crimewave&amp;url=https%3A%2F%2Fthechains24.com%2FCRIME%2520LOCKER%2FCRIME%2520VAULT.txt&amp;name=Crimewave&amp;image_master=&amp;heb_name=+&amp;last_id=&amp;dates=+&amp;data=+&amp;original_title=+&amp;id=+&amp;season=+&amp;episode=+&amp;tmdbid=+&amp;eng_name=+&amp;show_original_year=+&amp;isr=0&amp;fav_status=false&amp;all_w=%7B%7D&amp;search_db=&amp;mypass=&amp;iconimage=https%3A%2F%2Fi.imgur.com%2FxJ7JMl9.png&amp;fanart=https%3A%2F%2Fi.imgur.com%2FY16kRX5.png&amp;description=Crimewave&amp;url=https%3A%2F%2Fthechains24.com%2FCRIME%2520LOCKER%2FCRIME%2520VAULT.txt&amp;name=Crimewave&amp;image_master=&amp;heb_name=+&amp;last_id=&amp;dates=+&amp;data=+&amp;original_title=+&amp;id=+&amp;season=+&amp;episode=+&amp;tmdbid=+&amp;eng_name=+&amp;show_original_year=+&amp;fav_status=false&amp;all_w=%7B%7D&amp;search_db=&amp;mypass=&amp;video_data=%7B%22title%22%3A+%22Crimewave%22%2C+%22mediatype%22%3A+%22movie%22%2C+%22TVshowtitle%22%3A+%22%22%2C+%22season%22%3A+0%2C+%22episode%22%3A+0%2C+%22OriginalTitle%22%3A+%22+%22%2C+%22rating%22%3A+%220%22%2C+%22plot%22%3A+%22Crimewave%22%2C+%22Tag%22%3A+%22None%22%2C+%22id%22%3A+%22+%22%7D&amp;video_data=%7B%22title%22%3A+%22Crimewave%22%2C+%22mediatype%22%3A+%22movie%22%2C+%22TVshowtitle%22%3A+%22%22%2C+%22season%22%3A+0%2C+%22episode%22%3A+0%2C+%22OriginalTitle%22%3A+%22+%22%2C+%22rating%22%3A+%220%22%2C+%22plot%22%3A+%22Crimewave%22%2C+%22Tag%22%3A+%22None%22%2C+%22id%22%3A+%22+%22%7D",return)</action>
		<disabled>True</disabled>
		</shortcut>
	<shortcut>
		<defaultID />
		<label>Science Fiction</label>
		<label2>Video Add-On</label2>
		<icon>DefaultShortcut.png</icon>
		<thumb>special://home/addons/resource.images.skinicons.wide/resources/icons/scifi.png</thumb>
		<action>ActivateWindow(Videos,"plugin://plugin.video.thechains/?mode=189&amp;iconimage=https%3A%2F%2Fi.imgur.com%2FSYAg8Ng.png&amp;fanart=https%3A%2F%2Fi.imgur.com%2FXJ544S7.png&amp;description=Science+Fiction&amp;url=http%3A%2F%2Fthechains24.com%2FSCIENCE%2520FICTION%2FMAIN%2520DIR.txt&amp;name=Science+Fiction&amp;image_master=&amp;heb_name=+&amp;last_id=&amp;dates=+&amp;data=+&amp;original_title=+&amp;id=+&amp;season=+&amp;episode=+&amp;tmdbid=+&amp;eng_name=+&amp;show_original_year=+&amp;isr=0&amp;fav_status=false&amp;all_w=%7B%7D&amp;search_db=&amp;mypass=&amp;iconimage=https%3A%2F%2Fi.imgur.com%2FSYAg8Ng.png&amp;fanart=https%3A%2F%2Fi.imgur.com%2FXJ544S7.png&amp;description=Science+Fiction&amp;url=http%3A%2F%2Fthechains24.com%2FSCIENCE%2520FICTION%2FMAIN%2520DIR.txt&amp;name=Science+Fiction&amp;image_master=&amp;heb_name=+&amp;last_id=&amp;dates=+&amp;data=+&amp;original_title=+&amp;id=+&amp;season=+&amp;episode=+&amp;tmdbid=+&amp;eng_name=+&amp;show_original_year=+&amp;fav_status=false&amp;all_w=%7B%7D&amp;search_db=&amp;mypass=&amp;video_data=%7B%22title%22%3A+%22Science+Fiction%22%2C+%22mediatype%22%3A+%22movie%22%2C+%22TVshowtitle%22%3A+%22%22%2C+%22season%22%3A+0%2C+%22episode%22%3A+0%2C+%22OriginalTitle%22%3A+%22+%22%2C+%22rating%22%3A+%220%22%2C+%22plot%22%3A+%22Science+Fiction%22%2C+%22Tag%22%3A+%22None%22%2C+%22id%22%3A+%22+%22%7D&amp;video_data=%7B%22title%22%3A+%22Science+Fiction%22%2C+%22mediatype%22%3A+%22movie%22%2C+%22TVshowtitle%22%3A+%22%22%2C+%22season%22%3A+0%2C+%22episode%22%3A+0%2C+%22OriginalTitle%22%3A+%22+%22%2C+%22rating%22%3A+%220%22%2C+%22plot%22%3A+%22Science+Fiction%22%2C+%22Tag%22%3A+%22None%22%2C+%22id%22%3A+%22+%22%7D",return)</action>
		<disabled>True</disabled>
		</shortcut>
	<shortcut>
		<defaultID>plugin.video.scifi</defaultID>
		<label>For Love Of Sci Fi</label>
		<label2>Video Add-On</label2>
		<icon>DefaultShortcut.png</icon>
		<thumb>special://home/addons/resource.images.skinicons.wide/resources/icons/ftloscifi.png</thumb>
		<action>ActivateWindow(Videos,"plugin://plugin.video.scifi",return)</action>
		<disabled>True</disabled>
		</shortcut>
	<shortcut>
		<defaultID />
		<label>Pluto Movies</label>
		<label2>Video Add-On</label2>
		<icon>DefaultShortcut.png</icon>
		<thumb>special://home/addons/resource.images.skinicons.wide/resources/icons/pluto.png</thumb>
		<action>ActivateWindow(Videos,"plugin://slyguy.pluto.tv.provider/?_=live_tv&amp;code=us&amp;group=Movies",return)</action>
		</shortcut>
	<shortcut>
		<defaultID />
		<label>Crackle Movies</label>
		<label2>Video Add-On</label2>
		<icon>DefaultShortcut.png</icon>
		<thumb>special://home/addons/resource.images.skinicons.wide/resources/icons/crackle.png</thumb>
		<action>ActivateWindow(Videos,"plugin://plugin.video.crackle/?id=movies&amp;mode=99",return)</action>
		</shortcut>
	<shortcut>
		<defaultID>plugin.video.tubitv</defaultID>
		<label>TubiTV</label>
		<label2>Video Add-On</label2>
		<icon>DefaultShortcut.png</icon>
		<thumb>special://home/addons/resource.images.skinicons.wide/resources/icons/tubi.png</thumb>
		<action>ActivateWindow(Videos,"plugin://plugin.video.tubitv",return)</action>
		</shortcut>
	<shortcut>
		<defaultID>slyguy.curiositystream</defaultID>
		<label>CuriosityStream</label>
		<label2>Video Add-On</label2>
		<icon>DefaultShortcut.png</icon>
		<thumb>special://home/addons/resource.images.skinicons.wide/resources/icons/curiosity.png</thumb>
		<action>ActivateWindow(Videos,"plugin://slyguy.curiositystream",return)</action>
		</shortcut>
	<shortcut>
		<defaultID />
		<label>[COLOR=white]Black and White Movies[/COLOR]</label>
		<label2>Video Add-On</label2>
		<icon>DefaultShortcut.png</icon>
		<thumb>special://home/addons/resource.images.skinicons.wide/resources/icons/bnw.png</thumb>
		<action>ActivateWindow(Videos,"plugin://plugin.video.bnwmovie19/?url=Black_and_White&amp;mode=1&amp;name=%5BCOLOR%3Dwhite%5DBlack+and+White+Movies%5B%2FCOLOR%5D&amp;iconimage=C%3A%5CUsers%5Cjeddi%5CAppData%5CRoaming%5CKodi%5Caddons%5Cplugin.video.bnwmovie19%5Cicon.png&amp;fanart=C%3A%5CUsers%5Cjeddi%5CAppData%5CRoaming%5CKodi%5Caddons%5Cplugin.video.bnwmovie19%5Cfanart.jpg&amp;description=Black+and+White+movies",return)</action>
		</shortcut>
	<shortcut>
		<defaultID />
		<label>Samsung TV Movies</label>
		<label2>Video Add-On</label2>
		<icon>DefaultShortcut.png</icon>
		<thumb>special://home/addons/resource.images.skinicons.wide/resources/icons/samsungtv.png</thumb>
		<action>ActivateWindow(Videos,"plugin://slyguy.samsung.tv.plus/?_=live_tv&amp;code=us&amp;group=Movies",return)</action>
		</shortcut>
	</shortcuts>
