<shortcuts>
	<shortcut>
		<defaultID>plugin.audio.pandoki</defaultID>
		<label>Pandoki (US)</label>
		<label2>Music Add-On</label2>
		<icon>DefaultShortcut.png</icon>
		<thumb>special://home/addons/resource.images.skinicons.wide/resources/icons/pandora.png</thumb>
		<action>ActivateWindow(Music,"plugin://plugin.audio.pandoki",return)</action>
		</shortcut>
	<shortcut>
		<defaultID />
		<label>Pluto Music Videos</label>
		<label2>Video Add-On</label2>
		<icon>DefaultShortcut.png</icon>
		<thumb>special://home/addons/resource.images.skinicons.wide/resources/icons/pluto.png</thumb>
		<action>ActivateWindow(Videos,"plugin://slyguy.pluto.tv.provider/?_=live_tv&amp;code=us&amp;group=Music+Videos",return)</action>
		</shortcut>
	<shortcut>
		<defaultID>plugin.audio.mixcloud</defaultID>
		<label>Mixcloud</label>
		<label2>Music Add-On</label2>
		<icon>DefaultShortcut.png</icon>
		<thumb>special://home/addons/resource.images.skinicons.wide/resources/icons/mixcloud.png</thumb>
		<action>ActivateWindow(Music,"plugin://plugin.audio.mixcloud",return)</action>
		</shortcut>
	<shortcut>
		<defaultID>plugin.audio.mp3streams</defaultID>
		<label>MP3 Streams</label>
		<label2>Music Add-On</label2>
		<icon>DefaultShortcut.png</icon>
		<thumb>special://home/addons/resource.images.skinicons.wide/resources/icons/mp3streams.jpg</thumb>
		<action>ActivateWindow(Music,"plugin://plugin.audio.mp3streams",return)</action>
		</shortcut>
	<shortcut>
		<defaultID>plugin.audio.dashradio</defaultID>
		<label>LITT Radio</label>
		<label2>Music Add-On</label2>
		<icon>DefaultShortcut.png</icon>
		<thumb>special://home/addons/resource.images.skinicons.wide/resources/icons/littradio.png</thumb>
		<action>ActivateWindow(Music,"plugin://plugin.audio.dashradio",return)</action>
		</shortcut>
	<shortcut>
		<defaultID>plugin.audio.soundcloud</defaultID>
		<label>SoundCloud</label>
		<label2>Music Add-On</label2>
		<icon>DefaultShortcut.png</icon>
		<thumb>special://home/addons/resource.images.skinicons.wide/resources/icons/soundcloud.png</thumb>
		<action>ActivateWindow(Music,"plugin://plugin.audio.soundcloud",return)</action>
		</shortcut>
	<shortcut>
		<defaultID>plugin.audio.datpiff</defaultID>
		<label>Datpiff HipHop</label>
		<label2>Custom item</label2>
		<icon>DefaultShortcut.png</icon>
		<thumb>special://home/addons/resource.images.skinicons.wide/resources/icons/datpiff.png</thumb>
		<action>ActivateWindow(10502,"plugin://plugin.video.archive.org/?action=list_items&amp;content_type=audio&amp;page=1&amp;target=datpiffarchives",return)</action>
		</shortcut>
	<shortcut>
		<defaultID>plugin.video.worldstarhiphop</defaultID>
		<label>World Star Hip Hop</label>
		<label2>Video Add-On</label2>
		<icon>DefaultShortcut.png</icon>
		<thumb>special://home/addons/resource.images.skinicons.wide/resources/icons/worldstar.png</thumb>
		<action>ActivateWindow(Videos,"plugin://plugin.video.worldstarhiphop",return)</action>
		</shortcut>
	<shortcut>
		<defaultID>plugin.video.fidoK19/get_list/https://goo.gl/fWjXMs</defaultID>
		<label>[B]CARPOOL KARAOKE[/B]</label>
		<label2>Custom item</label2>
		<icon>DefaultShortcut.png</icon>
		<thumb>special://home/addons/resource.images.skinicons.wide/resources/icons/carpool.png</thumb>
		<action>ActivateWindow(10025,"plugin://plugin.video.youtube/channel/UCSmKtW_Aere8CTOUu7MlLfQ/playlist/PLBekBzA5pUt9b4zTO0tFZN2ggMzbU27uJ/?category_label=James%20Corden%20Carpool%20Karaoke",return)</action>
		</shortcut>
	<shortcut>
		<defaultID>plugin.audio.radio_de</defaultID>
		<label>Radio</label>
		<label2>Custom item</label2>
		<icon>DefaultShortcut.png</icon>
		<thumb>special://home/addons/resource.images.skinicons.wide/resources/icons/radio.png</thumb>
		<action>ActivateWindow(Music,"plugin://plugin.audio.radio_de_light",return)</action>
		</shortcut>
	<shortcut>
		<defaultID>plugin.video.essential</defaultID>
		<label>Essential</label>
		<label2>Video Add-On</label2>
		<icon>DefaultShortcut.png</icon>
		<thumb>special://home/addons/resource.images.skinicons.wide/resources/icons/essential.jpg</thumb>
		<action>ActivateWindow(Videos,"plugin://plugin.video.essential",return)</action>
		</shortcut>
	<shortcut>
		<defaultID>plugin.video.fdj.hd.p3</defaultID>
		<label>FDJ.HD</label>
		<label2>Video Add-On</label2>
		<icon>DefaultShortcut.png</icon>
		<thumb>special://home/addons/resource.images.skinicons.wide/resources/icons/fdj.png</thumb>
		<action>ActivateWindow(Videos,"plugin://plugin.video.fdj.hd.p3",return)</action>
		</shortcut>
	<shortcut>
		<defaultID>plugin.video.kodikaraoke</defaultID>
		<label>Kodi Karaoke</label>
		<label2>Video Add-On</label2>
		<icon>DefaultShortcut.png</icon>
		<thumb>special://home/addons/resource.images.skinicons.wide/resources/icons/karaoke.png</thumb>
		<action>ActivateWindow(Videos,"plugin://plugin.video.kodikaraoke",return)</action>
		</shortcut>
	</shortcuts>
